-- phpMyAdmin SQL Dump
-- version 5.2.0
-- https://www.phpmyadmin.net/
--
-- Servidor: 127.0.0.1
-- Tiempo de generación: 29-10-2023 a las 02:43:17
-- Versión del servidor: 10.4.24-MariaDB
-- Versión de PHP: 8.1.6

SET SQL_MODE = "NO_AUTO_VALUE_ON_ZERO";
START TRANSACTION;
SET time_zone = "+00:00";


/*!40101 SET @OLD_CHARACTER_SET_CLIENT=@@CHARACTER_SET_CLIENT */;
/*!40101 SET @OLD_CHARACTER_SET_RESULTS=@@CHARACTER_SET_RESULTS */;
/*!40101 SET @OLD_COLLATION_CONNECTION=@@COLLATION_CONNECTION */;
/*!40101 SET NAMES utf8mb4 */;

--
-- Base de datos: `uninet`
--

CREATE DATABASE IF NOT EXISTS `uninet`;

USE `uninet`;

-- --------------------------------------------------------

--
-- Estructura de tabla para la tabla `carreras`
--

CREATE TABLE `carreras` (
  `id_carrera` int(11) NOT NULL,
  `nombre_carrera` varchar(255) DEFAULT NULL
) ENGINE=InnoDB DEFAULT CHARSET=utf8mb4;

--
-- Volcado de datos para la tabla `carreras`
--

INSERT INTO `carreras` (`id_carrera`, `nombre_carrera`) VALUES
(1, 'Maestria en Defensa Nacional'),
(2, 'Curso Superior en Defensa Nacional'),
(3, 'Doctorado en Defensa'),
(4, 'Tecnicatura en Geomatica'),
(5, 'Tecnicatura Universitaria en Higiene y Seguridad en el Trabajo'),
(6, 'Ingenieria Electronica'),
(7, 'Ingenieria en Informatica'),
(8, 'Ingenieria en Agrimensura con Orientacion Geografica'),
(9, 'Ingenieria Mecanica Orientacion Armamentos'),
(10, 'Ingenieria Mecanica Orientacion Automotores'),
(11, 'Ingenieria Quimica'),
(12, 'Ingenieria Civil'),
(13, 'Especializacion en Criptografia y Seguridad Teleinformatica'),
(14, 'Especializacion en Sistemas de Control'),
(15, 'Especializacion en Transporte Operativo'),
(16, 'Maestria en Seguridad e Higiene Ocupacional'),
(17, 'Maestria en Ciberdefensa'),
(18, 'Escuela Superior de Guerra'),
(19, 'Licenciatura en Relaciones Internacionales- Orientacion Escenarios de Conflictos Internacionales, Misiones de Paz y Desarme'),
(20, 'Profesorado de Equitacion'),
(21, 'Profesorado Universitario en la Ense?anza Media y Superior de la Conduccion Militar'),
(22, 'Especializacion en Conduccion Superior de Organizaciones Militares Terrestres'),
(23, 'Especializacion en Planificacion y Gestion de Recursos Materiales de Organizaciones Militares Terrestres'),
(24, 'Especializacion en Planeamiento y Gestion de Recursos Humanos de Organizaciones Militares Terrestres'),
(25, 'Especializacion en Historia Militar Contemporanea'),
(26, 'Especializacion en Gestion de la Defensa Civil y Apoyo a la Poblacion'),
(27, 'Maestria en Estrategia y Geopolitica'),
(28, 'Colegio Militar de la Nacion'),
(29, 'Licenciatura en Conduccion y Gestion Operativa. Orientacion en Armas'),
(30, 'Licenciatura en Conduccion y Gestion Operativa. Orientacion Arsenales'),
(31, 'Licenciatura en Conduccion y Gestion Operativa. Orientacion Intendencia'),
(32, 'Licenciatura en Enfermeria con Orientacion en Emergentologia y Trauma'),
(33, 'Escuela de Suboficiales Sargento Cabral'),
(34, 'Tecnico Militar Superior en Informatica'),
(35, 'Tecnico Militar Superior en Construcciones e Instalaciones Fijas'),
(36, 'Tecnico Militar en Recursos para la Defensa'),
(37, 'Tecnico Militar Superior en Logistica de Intendencia y Administracion Contable'),
(38, 'Instituto Nacional de Derecho Aeronautico y Espacial'),
(39, 'Especializacion en Derecho Aeronautico, Espacial y Aeroportuario'),
(40, 'Escuela de Aviacion Militar'),
(41, 'Licenciatura en Conduccion de Recursos Aeroespaciales para la Defensa'),
(42, 'Escuela Superior de Guerra Aerea'),
(43, 'Especializacion en Evaluacion de Proyectos con Inversion para la Defensa'),
(44, 'Escuela de Suboficiales de la Fuerza Aerea'),
(45, 'Tecnicatura Superior en Electronica Aeronautica'),
(46, 'Tecnicatura Superior en Sensores de Imagenes'),
(47, 'Tecnicatura Superior en mecanica Aeronautica'),
(48, 'Tecnicatura Superior en Abastecimiento'),
(49, 'Tecnicatura Superior en Seguridad y Defensa'),
(50, 'Tecnicatura Superior en Telecomunicaciones'),
(51, 'Tecnicatura Superior en Armamentos'),
(52, 'Especializacion en Conduccion de Fuerzas y Operaciones Aeroespaciales'),
(53, 'Ingenieria Aeronautica'),
(54, 'Ingenieria en telecomunicaciones'),
(55, 'Facultad de Cs. de la Administracion'),
(56, 'Licenciatura en Recursos Humanos'),
(57, 'Licenciatura en Logistica'),
(58, 'Licenciatura en Administracion'),
(59, 'Contador Publico'),
(60, 'Especializacion en Abastecimiento para la Defensa'),
(61, 'Maestria en Ingenieria de Sistemas Embebidos'),
(62, 'Especializacion en Sistemas Embebidos'),
(63, 'Maestria en Sistemas de Radar e Instrumentacion'),
(64, 'Especializacion en Sistemas de Radar e Instrumentacion'),
(65, 'Especializacion en Seguridad Informatica'),
(66, 'Especializacion en Mantenimiento Aeronautico'),
(67, 'Escuela de Guerra Naval'),
(68, 'Maestria en Estudios Estrategicos'),
(69, 'Especializacion en Conduccion Tactica y Operacional Naval'),
(70, 'Escuela Ciencias del Mar'),
(71, 'Licenciatura en Cartografia'),
(72, 'Escuela Naval Militar'),
(73, 'Licenciatura en Recursos Navales para la Defensa. Orientacion Comando Infanteria de Marina'),
(74, 'Licenciatura en Administracion Naval.'),
(75, 'Escuela Nacional de Nautica'),
(76, 'Licenciatura en Transporte Maritimo'),
(77, 'Licenciatura en Plantas Propulsoras Marinas'),
(78, 'Escuela de Oficiales de la Armada'),
(79, 'Especializacion en Finanzas y Abastecimientos Navales'),
(80, 'Especializacion en Planeamiento y Accion Naval Integrada'),
(81, 'Especializacion en Sistemas Mecanicos Navales'),
(82, 'Especializacion en Sistemas Electricos Navales'),
(83, 'Escuela Superior de Guerra Conjunta de las Fuerzas Armadas'),
(84, 'Anticipacion Estrategica y Gestion de Riesgo'),
(85, 'Introduccion al Derecho Aplicado a la Defensa y Seguridad en el ambito Nacional e Internacional'),
(86, 'Analisis Estrategico Internacional'),
(87, 'Gestion de la Ciberdefensa y Ciberseguridad'),
(88, 'Maestria en Estrategia Militar'),
(89, 'Especializacion en Estrategia Operacional y Planeamiento Militar Conjunto'),
(90, 'Instituto de Inteligencia de las Fuerzas Armadas'),
(91, 'Especializacion en Analisis de Inteligencia Estrategica'),
(92, 'Especializacion en Gestion de Informacion Militar Terrestre'),
(93, 'Abogacia'),
(94, 'Lic. en Seguridad Ciudadana'),
(95, 'Tec. Seguridad ciudadana'),
(96, 'Lic. en Criminalistica'),
(97, 'Caligrafo Publico Nacional'),
(98, 'Perito en Documentologia'),
(99, 'Tec. Universitaria Balistica y Armas Portatiles'),
(100, 'Perito en Balistica'),
(101, 'Perito en Papiloscopia'),
(102, 'Lic. Enfermeria'),
(103, 'Enfermeria Universitaria'),
(104, 'Lic. Organizacion y asistencia en Quirofanos'),
(105, 'Instrumentacion Quirurgica Profesional'),
(106, 'Lic. en Accidentologia y prevencion vial'),
(107, 'Tec. Accidentologia y prevencion vial'),
(108, 'Lic. en seguridad en Tecnologias de la Informacion y Comunicaciones'),
(109, 'Lic. en Gestion de Riesgos de Desastres'),
(110, 'Especializacion en Docencia Universitaria'),
(111, 'Especializacion en Medicina Legal'),
(112, 'Especializacion en Analisis del Lugar del Hecho'),
(113, 'Licenciatura en Seguridad Ciudadana'),
(114, 'Licenciatura en Organizacion y Asistencia de Quirofanos'),
(115, 'Licenciatura en Gestion de Siniestros'),
(116, 'Licenciatura en Tecnologias de la Informacion y Comunicaciones para Seguridad Publica'),
(117, 'Derecho'),
(118, 'Licenciatura en Historia'),
(119, 'Profesorado en Historia'),
(120, 'Licenciatura en Trabajo Social'),
(121, 'Licenciatura en Comunicacion'),
(122, 'Doctorado en Ciencias Sociales'),
(123, 'Antropologia Social'),
(124, 'Ciencia Politica y Sociologia'),
(125, 'Derecho y Economia del cambio climatico'),
(126, 'Estudios y Relaciones del Trabajo'),
(127, 'Genero, Sociedad y Politicas'),
(128, 'Politicas Publicas y Desarrollo'),
(129, 'Propiedad Intelectual'),
(130, 'Psicologia Cognitiva y Aprendizaje'),
(131, 'Bioetica'),
(132, 'Curriculum y practicas escolares en contexto'),
(133, 'Educacion y Nuevas Tecnologias virtual'),
(134, 'Lectura, escritura y educacion virtual'),
(135, 'Politica, Evaluacion y Gerencia Social'),
(136, 'Politicas Educativas'),
(137, 'Bioetica Aplicada'),
(138, 'Derecho Internacional y Cambio Climatico'),
(139, 'Desarrollo economicovirtual'),
(140, 'Economia Ambiental'),
(141, 'Economia de los Recursos Naturales'),
(142, 'Economia del Cambio Climatico'),
(143, 'Economia social y solidaria y asociativismo'),
(144, 'Gestion cultural y comunicacion'),
(145, 'Historia social y politica del tango argentino'),
(146, 'Intervencion psicoeducativa en condiciones del espectro autista'),
(147, 'La Vida del Bebe. Desarrollo Psicologico, Andamiajes y Entornos de Crianza'),
(148, 'Planificacion y evaluacion de politicas publicas'),
(149, 'Posgrado en Opinion Publica y Comunicacion Politica'),
(150, 'Etica y metodologia de la investigacion'),
(151, 'Etica, Derechos Humanos y Derecho'),
(152, 'Diseno de materiales didacticos digitales'),
(153, 'Evaluacion de aprendizajes en linea'),
(154, 'Materiales Didacticos: lenguajes y mediaciones para la ensenanza'),
(155, 'Mundo Escuela. Una propuesta para conversar con maestras y maestros'),
(156, 'Teoria del cambio y educacion: conceptos e instrumentos para escuelas en transformacion'),
(157, 'Oficial del Ejercito Argentino'),
(158, 'Licenciatura en Conduccion y Gestion Operativa'),
(159, 'Licenciatura en Enfermeria'),
(160, 'Curso de Preparacion del Servicio Veterinarios'),
(161, 'Curso de Preparacion del Servicio Auditor'),
(162, 'Curso de Preparacion del Servicio Analistas de Sistemas'),
(163, 'Curso de Preparacion del Servicio Pilotos'),
(164, 'Curso de Preparacion del Servicio Profesores en Ed. Fisica'),
(165, 'Curso de Preparacion del Servicio Medicos'),
(166, 'Curso de Preparacion del Servicio Odontologos'),
(167, 'Curso de Preparacion del Servicio Bioquimicos'),
(168, 'Curso de Preparacion del Servicio Farmaceuticos'),
(169, 'Curso de Preparacion del Servicio Enfermeros'),
(170, 'Curso de Preparacion del Servicio Maestros de Banda'),
(171, 'Licenciatura en Relaciones Internacionales'),
(172, 'Profesorado en Equitacion'),
(173, 'Profesorado Universitario para la Ensenanza Media y Superior de la Conduccion Militar'),
(174, 'Escuela de Oficiales de Gendarmeria Nacional'),
(175, 'Escuela de Suboficiales'),
(176, 'Escuela Superior de Gendarmeria Nacional'),
(177, 'Instituto de Formacion de Gendarmes'),
(178, 'Instituto de Capacitacion Especializada'),
(179, 'Idiomas'),
(180, 'Medio Ambiente y Geologia'),
(181, 'Psicologia y Ciencias Sociales'),
(182, 'Criminologia y Forenses'),
(183, 'Lengua y Literatura'),
(184, 'Hoteleria y Turismo'),
(185, 'Historia y Geografia'),
(186, 'Derecho y Leyes'),
(187, 'Economia y Finanzas'),
(188, 'Transporte y Logistica'),
(189, 'Publicidad y Mercadotecnia'),
(190, 'Investigacion y Desarrollo'),
(191, 'Ingenieria y Tecnologia'),
(192, 'Informatica e Informacion'),
(193, 'Impuestos y Fiscal'),
(194, 'Salud y Medicina'),
(195, 'Veterinaria'),
(196, 'Nutricion y Alimentacion'),
(197, 'Electronica y Electricidad'),
(198, 'Licenciatura en Artes Musicales con orientacion en Composicion'),
(199, 'Licenciatura en Musica con orientacion en Instrumento'),
(200, 'Ciclo de Complementacion Curricular de Licenciatura en Didactica de la Musica'),
(201, 'Licenciatura en Actuacion'),
(202, 'Licenciatura en Administracion y Gestion Universitaria'),
(203, 'Licenciatura en Artes Audiovisuales'),
(204, 'Licenciatura en Artes de la Escritura'),
(205, 'Licenciatura en Artes Multimediales'),
(206, 'Licenciatura en Artes Musicales con orientacion en Direccion Coral'),
(207, 'Licenciatura en Artes Musicales con orientacion en Direccion Orquestal'),
(208, 'Licenciatura en Artes Visuales con orientacion en Dibujo / Pintura / Escultura / Grabado y Arte Impreso / Digitalizacion de imagenes'),
(209, 'Licenciatura en Artes Visuales orientacion artes del fuego'),
(210, 'Licenciatura en Artes y Pensamiento Latinoamericano'),
(211, 'Licenciatura en Composicion con Medios Electroacusticos'),
(212, 'Licenciatura en Composicion Coreografica'),
(213, 'Licenciatura en Conservacion-Restauracion de Bienes Culturales'),
(214, 'Licenciatura en Critica de Artes'),
(215, 'Licenciatura en Curaduria en Artes'),
(216, 'Licenciatura en Direccion Escenica'),
(217, 'Licenciatura en Diseno de Iluminacion de Espectaculos'),
(218, 'Licenciatura en Escenografia'),
(219, 'Licenciatura en Folklore mencion culturas tradicionales'),
(220, 'Licenciatura en Folklore mencion danzas folkloricas y tango'),
(221, 'Licenciatura en Folklore mencion instrumentos criollos'),
(222, 'Licenciatura en Folklore mencion tango'),
(223, 'Licenciatura en Musica con orientacion en Canto'),
(224, 'Profesorado de Artes en Artes Visuales con orientacion en ceramica'),
(225, 'Profesorado de Artes en Artes Visuales con orientacion en dibujo/pintura/escultura/grabado y arte impreso/digitalizacion de imagenes'),
(226, 'Profesorado de Artes en Danza'),
(227, 'Profesorado de Artes en Danza con orientacion en expresion corporal'),
(228, 'Profesorado de Artes en Danza con orientacion en Folklore'),
(229, 'Profesorado de Artes en Musica'),
(230, 'Profesorado de Artes en Musica con orientacion en Folklore'),
(231, 'Profesorado de Artes en Teatro'),
(232, 'Profesorado de Artes Musicales con orientacion en Canto'),
(233, 'Profesorado de Artes Musicales con orientacion en Composicion'),
(234, 'Profesorado de Artes Musicales con orientacion en Composicion con Medios Electroacusticos'),
(235, 'Profesorado de Artes Musicales con orientacion en Direccion Coral'),
(236, 'Profesorado de Artes Musicales con orientacion en Direccion Orquestal'),
(237, 'Profesorado de Artes Musicales con orientacion en Instrumento'),
(238, 'Instrumentista Orquestal'),
(239, 'Interpretacion de danzas folkloricas y tango'),
(240, 'Interpretacion de instrumentos criollos'),
(241, 'Interpretacion de tango'),
(242, 'Tecnicatura en Composicion de Arreglos Musicales'),
(243, 'Tecnicatura en Interpretacion en Danza'),
(244, 'Profesorado de Educacion Secundaria y Superior en Historia'),
(245, 'Profesorado de Educacion Secundaria y Superior en Letras'),
(246, 'Profesorado de Educacion Primaria'),
(247, 'Profesorado en Informatica'),
(248, 'Licenciatura en Letras'),
(249, 'Licenciatura en la Ensenanza de la Matematica para la Educacion Primaria'),
(250, 'Licenciatura en Ensenanza de la Lectura y la Escritura para la Educacion Primaria'),
(251, 'Instrumentacion Quirurgica'),
(252, 'Tecnicatura en Analisis Clinicos'),
(253, 'Medicina'),
(254, 'Lic. en Kinesiologia y Fisiatria'),
(255, 'Lic. en Nutricion'),
(256, 'Lic. en Psicologia'),
(257, 'Tecnicatura en Radiologia'),
(258, 'Citotecnologia'),
(259, 'Licenciatura en Nutricion'),
(260, 'Licenciatura en Terapia Fisica'),
(261, 'Licenciatura en Kinesiologia y Fisiatria'),
(262, 'Licenciado en Enfermeria'),
(263, 'Licenciatura en Produccion de Bioimagenes'),
(264, 'Licenciatura en Instrumentacion Quirurgica'),
(265, 'Licenciatura en Instrumentacion Quirurgica Ciclo de Complementacion Curricular'),
(266, 'Licenciatura en Psicologia'),
(267, 'Licenciatura en Psicopedagogia'),
(268, 'Ingenieria Biomedica'),
(269, 'Ingenieria en Fisica Medica'),
(270, 'Licenciatura en Ciencias Biologicas'),
(271, 'Agente de Propaganda Medica'),
(272, 'Programa de perfeccionamiento para APMs: Biotecnologia y Medicamentos'),
(273, 'Seguridad Electrica en Redes Electricas de Baja Tension'),
(274, 'Curso Basico para Administrativos en Servicios de Salud'),
(275, 'Curso de Programacion Biologica Computacional'),
(276, 'Marketing Digital para el Mercado de la Salud'),
(277, 'Marketing Farmaceutico'),
(278, 'Tecnicas Neurofisiologicas'),
(279, 'Tecnicas de Oratoria y Comunicacion: Claves para el Liderazgo Personal'),
(280, 'Abordaje interdisciplinario del paciente bariatrico'),
(281, 'Patologia del Tracto Genital Inferior'),
(282, 'Clinica Psiquiatrica y Farmacoterapia Infanto Juvenil'),
(283, 'Psicologia Comunitaria: Desarrollo Humano, Construccion de Ciudadania y Salud'),
(284, 'Orientacion Vocacional y Ocupacional'),
(285, 'Auditoria Medica y Garantia de Calidad de la Atencion de la Salud'),
(286, 'Docencia para las Ciencias de la Salud'),
(287, 'Neurodesarrollo'),
(288, 'Obesidad'),
(289, 'Trastornos del Espectro Autista a lo largo del Ciclo Vital: Enfoque Transdisciplinario'),
(290, 'Terapia Ocupacional: Neurorehabilitacion de Adultos'),
(291, 'Valoracion de Incapacidades en el Dano Corporal'),
(292, 'Salud y Ambiente'),
(293, 'Salud Mental Comunitaria'),
(294, 'Investigacion Clinica'),
(295, 'Kinesiologia Traumatologica y Postural'),
(296, 'Instrumentacion Quirurgica en Cirugia Pediatrica'),
(297, 'Psicologia Positiva'),
(298, 'Adolescencia en el siglo XXI'),
(299, 'Trastorno por Deficit de Atencion. De la Infancia a la Adultez'),
(300, 'Diabetes Mellitus'),
(301, 'Cuidados Paliativos Oncologicos y no Oncologicos'),
(302, 'Cuestiones de Genero y Salud'),
(303, 'ADMINISTRACION de Empresas'),
(304, 'CURADURIA y Gestion de ARTE'),
(305, 'Gestion EDUCATIVA'),
(306, 'Ciencias del Ambiente'),
(307, 'Ciencias Politicas'),
(308, 'Composicion'),
(309, 'Comunicacion Digital e Interactiva'),
(310, 'Comunicacion Periodistica'),
(311, 'Comunicacion Publicitaria e Institucional'),
(312, 'Direccion Orquestal'),
(313, 'Direccion y Gestion de Bienes'),
(314, 'Economia'),
(315, 'Educacion Inicial'),
(316, 'Educacion Primaria'),
(317, 'Enfermeria'),
(318, 'Licenciatura en Filosofia'),
(319, 'Profesorado en Filosofia'),
(320, 'Fonoaudiologia'),
(321, 'Higiene y Seguridad en el Trabajo'),
(322, 'Ingenieria Ambiental'),
(323, 'Ingenieria en Alimentos'),
(324, 'Ingenieria Industrial'),
(325, 'Ingenieria Agronomica'),
(326, 'Licenciatura en Ingles'),
(327, 'Profesorado en Ingles'),
(328, 'Kinesiologia y Fisiatria'),
(329, 'Profesorado en Letras'),
(330, 'Marketing'),
(331, 'Musica Cinematografica'),
(332, 'Musica Popular'),
(333, 'Notariado'),
(334, 'Nutricion'),
(335, 'Odontologia'),
(336, 'Piano'),
(337, 'Profesorado en Educacion Especial: Orientacion en Discapacidad Auditiva'),
(338, 'Profesorado en Educacion Especial: Orientacion en Discapacidad Visual'),
(339, 'Profesorado en Educacion Especial: Orientacion en Discapacidad Intelectual'),
(340, 'Profesorado Superior (para graduados universitarios)'),
(341, 'Psicopedagogia'),
(342, 'Psicologia'),
(343, 'Recursos Humanos'),
(344, 'Relaciones Internacionales'),
(345, 'Teologia Sistematica (equivalente a Bachillerato Pontificio en Teologia)'),
(346, 'Licenciatura en Quimica'),
(347, 'Tecnologia de los Alimentos'),
(348, 'Traductorado Publico'),
(349, 'Bibliotecologia (modalidad a distancia)'),
(350, 'Martillero Publico, Corredor (Inmobiliario y Mobiliario), Administrador de Consorcios y Tasador'),
(351, 'Produccion Agropecuaria- Tecnico Universitario'),
(352, 'Tecnicatura Universitaria Industrial'),
(353, 'Ciencias Economicas y Negocios'),
(354, 'Ciencias Medicas'),
(355, 'Ciencias Sociales'),
(356, 'Filosofia y Letras'),
(357, 'Ingenieria, Quimica y Ciencias Agrarias'),
(358, 'Artes y Ciencias Musicales'),
(359, 'Psicologia y Psicopedagogia'),
(360, 'Instituto para el Matrimonio y la Familia'),
(361, 'Instituto de Cultura Universitaria'),
(362, 'Espanol como Lengua Extranjera'),
(363, 'Curso Avanzado de Hoteleria en la Era Digital'),
(364, 'El Analisis Estrategico de las Variables del Marketing Mix'),
(365, 'Habilidades Lectoras como Objetivo Terapeutico'),
(366, 'Operaciones con Criptoactivos'),
(367, 'Prevencion de Lavado de Activos y Financiamiento del Terrorismo'),
(368, 'Diplomatura Universitaria en Parasitologia Clinica'),
(369, 'Diplomatura en Direccion Estrategica y Administracion de pymes y empresas familiares'),
(370, 'Curso de La problematica del duelo en la clinica Actual'),
(371, 'Derecho de Familia'),
(372, 'Capacitacion en Derecho Procesal y Criminalistica para peritos judiciales'),
(373, 'Farmacia'),
(374, 'Quimica'),
(375, 'Bioquimica'),
(376, 'Licenciatura en Comercializacion'),
(377, 'Licenciatura en Relaciones Publicas'),
(378, 'Licenciatura en Comercio Internacional'),
(379, 'Licenciatura en Publicidad'),
(380, 'Licenciatura en Periodismo y Comunicaciones'),
(381, 'Licenciatura en Arquitectura'),
(382, 'Licenciatura en Relaciones Laborales'),
(383, 'Licenciatura en Ciencias Sociales'),
(384, 'Licenciatura en Sistemas'),
(385, 'Cosmetologia, Cosmiatria y Estetica'),
(386, 'Licenciatura en Diseno Grafico'),
(387, 'Licenciatura en Turismo'),
(388, 'Licenciatura en Periodismo'),
(389, 'Martillero Publico y Corredor de Comercio'),
(390, 'Licenciatura en Servicio Social'),
(391, 'Licenciatura en Fonoaudiologia'),
(392, 'Traductorado Publico en Idioma Ingles'),
(393, 'Interpretariado en Idioma Ingles'),
(394, 'Enfermeria Profesional'),
(395, 'Protesis Dental'),
(396, 'Ciencias Biologicas'),
(397, 'Musicoterapia'),
(398, 'Consultoria Psicologica'),
(399, 'Ciencia Politica'),
(400, 'Educacion Fisica y Deporte'),
(401, 'Estrategia Contemporanea'),
(402, 'Gerontologia'),
(403, 'Gestion Organizacional Ciclo'),
(404, 'Historia'),
(405, 'Periodismo'),
(406, 'Profesorado Universitario'),
(407, 'Gestion de Recursos Humanos'),
(408, 'Tecnologia Multimedial'),
(409, 'Licenciatura en Informatica'),
(410, 'Licenciatura en Gestion Cultural'),
(411, 'Profesorado en Economia'),
(412, 'Licenciatura en Relaciones del Trabajo'),
(413, 'Licenciatura en Farmacia'),
(414, 'Licenciatura en Educacion, Politicas Publicas y Organizaciones de Campo Pedagogico'),
(415, 'Licenciatura en Pedagogia'),
(416, 'Licenciatura en Gestion Operativa de Construcciones Inteligentes'),
(417, 'Profesorado en Educacion Fisica y Deportes'),
(418, 'Licenciatura en Gestion Ambiental y Desarrollo Sustentable'),
(419, 'Licenciatura en Pedagogia, Nuevas Infancias y Alfabetizaciones'),
(420, 'Licenciatura en Economia'),
(421, 'Licenciatura en Creacion de Contenidos Audiovisuales'),
(422, 'Licenciatura en Gestion Social y de las Organizaciones'),
(423, 'Licenciatura en Politicas Publicas y de Gobierno'),
(424, 'Licenciatura en Comunicacion Social'),
(425, 'Arquitectura'),
(426, 'Economia Empresarial'),
(427, 'Tecnologia Digital Nueva Carrera'),
(428, 'Diseno'),
(429, 'Estudios Internacionales'),
(430, 'Ciencia Politica y Gobierno'),
(431, 'Cinematografia'),
(432, 'Ciencias de la Comunicacion'),
(433, 'Licenciatura en Negocios Digitales'),
(434, 'Licenciatura en Analitica de Negocios'),
(435, 'Licenciatura en Administracion de Empresas'),
(436, 'Licenciatura en Marketing'),
(437, 'Licenciatura en Finanzas'),
(438, 'Licenciatura en Ciencias Politicas'),
(439, 'Osteologia: Diagnostico y Tratamiento de las Enfermedades Oseas Metabolicas'),
(440, 'Perfeccionamiento en Soporte Nutricional: Modulo Parenteral'),
(441, 'Perfeccionamiento en Soporte Nutricional en Situaciones Especiales: Curso Avanzado'),
(442, 'Diplomatura Universitaria Sexualidades y Genero II'),
(443, 'Diplomatura Universitaria Sexualidades y Genero'),
(444, 'Diplomatura Nuevos Paradigmas en Crianza y Desarrollo Infantil'),
(445, 'Diplomatura Universitaria para la Formacion de Analistas de Ninos y Adolescentes'),
(446, 'Licenciatura en Terapia Ocupacional'),
(447, 'Tecnica en Administracion'),
(448, 'Tecnica en Salud, Alimentacion y Actividad Fisica'),
(449, 'Tecnica Universitaria en Acompanamiento Terapeutico'),
(450, 'Diplomatura en Management'),
(451, 'Diplomatura en Gestion Empresarial'),
(452, 'Diplomatura en Gestion de las Personas'),
(453, 'Diplomatura en Recursos Humanos'),
(454, 'Diplomatura en Innovacion'),
(455, 'Licenciatura en Administracion de Negocios en Internet'),
(456, 'Licenciatura en Direccion del Factor Humano'),
(457, 'Licenciatura en Administracion de Negocios Internacionales'),
(458, 'Licenciatura en Tecnologia Informatica'),
(459, 'Licenciatura en Administracion Hotelera'),
(460, 'Profesorado Universitario en Educacion Fisica'),
(461, 'Licenciatura en Educacion Fisica'),
(462, 'Licenciatura en Actividad Fisica y Deporte'),
(463, 'Licenciatura en Administracion del Deporte'),
(464, 'Licenciatura en Marketing Deportivo'),
(465, 'Business and Economics (CLABE)'),
(466, 'Ciencias Politicas, Sociales e Internacionales (SPOSI)'),
(467, 'Ciencias Internacionales y Diplomaticas (SID/DIS)'),
(468, 'Agronomia'),
(469, 'Ciencias Ambientales'),
(470, 'Economia y Administracion Agrarias'),
(471, 'Gestion de Agroalimentos'),
(472, 'Planificacion y Diseno del Paisaje'),
(473, 'Floricultura'),
(474, 'Jardineria'),
(475, 'Martillero y Corredor Publico Rural'),
(476, 'Produccion Vegetal Organica'),
(477, 'Turismo Rural'),
(478, 'Doctorado en Ciencias Agropecuarias'),
(479, 'Agronegocios'),
(480, 'Biometria y Mejoramiento'),
(481, 'Ciencias del Suelo'),
(482, 'Desarrollo Rural'),
(483, 'Economia Agraria'),
(484, 'Produccion Animal'),
(485, 'Produccion Vegetal'),
(486, 'Recursos Naturales'),
(487, 'Agronegocios y alimentos'),
(488, 'Biotecnologia agricola'),
(489, 'Cultivos de granos'),
(490, 'Fertilidad del suelo y fertilizacion'),
(491, 'Formulacion y evaluacion de proyectos agropecuarios y agroindustriales'),
(492, 'Gestion ambiental en sistemas agroalimentarios'),
(493, 'Gestion de la cadena de valor de la carne bovina'),
(494, 'Higiene y seguridad en el trabajo agrario'),
(495, 'Manejo de sistemas pastoriles'),
(496, 'Manejo de Suelos y Cultivos en Siembra Directa'),
(497, 'Mecanizacion agricola'),
(498, 'Mejoramiento genetico vegetal'),
(499, 'Negociaciones y Comercio Internacional en Agroindustrias'),
(500, 'Produccion lechera en sistemas argentinos'),
(501, 'Teledeteccion y Sistemas de Informacion Geografica aplicados al estudio de los recursos naturales y la produccion agropecuaria'),
(502, 'Bionegocios sostenibles'),
(503, 'Fertilidad de suelos'),
(504, 'Ganaderia pastoril'),
(505, 'Negociacion y gestion'),
(506, 'Alta direccion en agronegocios y alimentos'),
(507, 'Alta direccion en Comercio exterior agroalimentario'),
(508, 'Interdisciplinario de Negociacion en Empresas del Agro'),
(509, 'Diseno Grafico'),
(510, 'Diseno Industrial'),
(511, 'Diseno de Indumentaria'),
(512, 'Diseno Textil'),
(513, 'Diseno de Imagen y Sonido'),
(514, 'Diseno y Planificacion del Paisaje'),
(515, 'Diseno Abierto para la Innovacion (Open Design)'),
(516, 'Diseno Comunicacional (diCom)'),
(517, 'Estudios Urbanos y de la Vivienda en America Latina. (MEUVAL)'),
(518, 'Gestion Ambiental Metropolitana (GAM)'),
(519, 'Habitat y Pobreza Urbana en America Latina (MHyPUAL)'),
(520, 'Historia y Critica de la Arquitectura, el Diseno y el Urbanismo (MAHCADU)'),
(521, 'Investigacion Proyectual ? Orientacion Vivienda'),
(522, 'Logica y Tecnica de la Forma'),
(523, 'Maestria en Ciudades'),
(524, 'Maestria en Diseno Interactivo (MAEDI)'),
(525, 'Maestria en Proyecto Arquitectonico (MPA)'),
(526, 'Maestria en Tipografia (MT)'),
(527, 'Paisaje Urbano (MPU)'),
(528, 'Planeamiento del Recurso Fisico en Salud'),
(529, 'Planificacion Urbana y Regional (PROPUR)'),
(530, 'Planificacion y Gestion del Transporte (Maestria UBA con participacion FADU)'),
(531, 'Planificacion y Movilidad Urbana (Maestria UBA con participacion FADU)'),
(532, 'Sustentabilidad en Arquitectura y Urbanismo'),
(533, 'Biodiseno y Productos Mecatronicos (BIME)'),
(534, 'Conservacion y Rehabilitacion del Patrimonio Arquitectonico'),
(535, 'Diseno de Mobiliario (DIMO)'),
(536, 'Diseno del Espacio Interior (DIES)'),
(537, 'Diseno y Gestion de Marcas (DIGEM)'),
(538, 'Gerenciamiento y Direccion de Proyectos y Obras (GeO)'),
(539, 'Gestion de Proyectos Interdisciplinares en Contexto Social'),
(540, 'Gestion del Patrimonio Cultural (GPC)'),
(541, 'Gestion Estrategica de Diseno (GED)'),
(542, 'Historia y Critica de la Arquitectura, el Diseno y el Urbanismo (CEHCADU)'),
(543, 'Investigacion Proyectual (CEIP) Orientacion Vivienda'),
(544, 'Modelado de Edificios con Informacion (BIM)'),
(545, 'Planeamiento del Recurso Fisico en Salud (CIRFS)'),
(546, 'Planificacion del Paisaje'),
(547, 'Produccion y Gestion de Obras (Convenio con Camara Argentina de la Construccion)'),
(548, 'Proyecto Urbano (CEPU)'),
(549, 'Seguridad e Higiene en la Industria de la Construccion'),
(550, 'Sociologia del Diseno (DISO)'),
(551, 'Teoria del Diseno Comunicacional (diCom)'),
(552, 'Administracion'),
(553, 'Sistemas'),
(554, 'Actuario'),
(555, 'Administracion - MBA'),
(556, 'Administracion Cultural'),
(557, 'Administracion Publica'),
(558, 'Ciberdefensa y Ciberseguridad'),
(559, 'Ciudades'),
(560, 'Contabilidad Internacional'),
(561, 'Direccion de Programas y Proyectos'),
(562, 'Economia y Gestion del Turismo'),
(563, 'Finanzas'),
(564, 'Gestion de la Innovacion'),
(565, 'Gestion Economica y Financiera de Riesgos'),
(566, 'Gestion Empresaria de Negocios Internacionales'),
(567, 'Gestion Publica y Desarrollo Gubernamental'),
(568, 'Gestion TIC'),
(569, 'Gestion y Analisis de Datos'),
(570, 'Gestion y Economia de la Salud'),
(571, 'Historia Economica'),
(572, 'Interdisciplinaria en Energia'),
(573, 'Marketing Digital y Negocios por Internet'),
(574, 'Planificacion y Gestion del Transporte'),
(575, 'Politica y Gestion de la Ciencia y la Tecnologia'),
(576, 'Procesos de Integracion Regional'),
(577, 'Relaciones Economicas Internacionales'),
(578, 'Seguridad Informatica'),
(579, 'Tributacion'),
(580, 'Ciencias de Datos'),
(581, 'Ciencias de la Atmosfera'),
(582, 'Ciencias de la Computacion'),
(583, 'Ciencias Fisicas'),
(584, 'Ciencias Geologicas'),
(585, 'Ciencias Matematicas'),
(586, 'Ciencias Quimicas'),
(587, 'Ciencia y Tecnologia de Alimentos'),
(588, 'Oceanografia'),
(589, 'Paleontologia'),
(590, 'Profesorados en Ciencias'),
(591, 'Ciencias de la Atmosfera y los Oceanos'),
(592, 'Quimica Biologica'),
(593, 'Quimica Industrial'),
(594, 'Quimica Inorganica, Quimica Analitica y Quimica Fisica'),
(595, 'Quimica Organica'),
(596, 'Maestria en Bromatologia y Tecnologia de las Industrializacion de los Alimentos'),
(597, 'Maestria en Ciencias Ambientales'),
(598, 'Maestria en Conservacion de la Biodiversidad'),
(599, 'Maestria en Estadistica Matematica'),
(600, 'Maestria en Explotacion de Datos y Descubrimiento de Conocimiento'),
(601, 'Maestria en Meteorologia Agricola'),
(602, 'Carrera de Especializacion en Biotecnologia Industrial'),
(603, 'Carrera de Especializacion Principal en Bromatologia y Tecnologia de Alimentos'),
(604, 'Carrera de Especializacion en Conservacion de la Biodiversidad'),
(605, 'Carrera de Especializacion en Estadistica para Ciencias de la Salud'),
(606, 'Carrera de Especializacion en Explotacion de Datos y Descubrimiento de Conocimiento'),
(607, 'Carrera de Especializacion en Geologia Minera'),
(608, 'Carrera de Especializacion en Estadistica Matematica'),
(609, 'Carrera de Especializacion en Seguridad e Higiene en el ambito Laboral'),
(610, 'Carrera de Especializacion en Comunicacion Publica de la Ciencia y la Tecnologia'),
(611, 'Sociologia'),
(612, 'Trabajo Social'),
(613, 'Relaciones del Trabajo'),
(614, 'Profesorados'),
(615, 'Gobierno'),
(616, 'Estudios Sociales Latinoamericanos'),
(617, 'Ciencias Sociales del Trabajo'),
(618, 'Comunicacion y Cultura'),
(619, 'Teoria Politica y Social'),
(620, 'Intervencion Social'),
(621, 'Politicas Sociales'),
(622, 'Investigacion en Cs. Sociales'),
(623, 'Gestion de Politicas Sociales'),
(624, 'Estudios Politicos'),
(625, 'Metodologias de la Investigacion en Cs. Sociales'),
(626, 'Planificacion y Gestion del Periodismo'),
(627, 'Fotografia y Ciencias Sociales'),
(628, 'Docencia Universitaria'),
(629, 'Ciberseguridad y delitos informaticos'),
(630, 'Tecnicatura Universitaria en Gestion Integral de Bioterios'),
(631, 'Licenciatura en Gestion de Agroalimentos'),
(632, 'Maestria en Salud Animal'),
(633, 'Maestria en Gestion del Agua'),
(634, 'Maestria en Reproduccion Animal'),
(635, 'Maestria en Bromatologia y Tecnologia de la Industrializacion de los Alimentos'),
(636, 'Maestria en Salud Publica'),
(637, 'Maestria en Biotecnologia'),
(638, 'Maestria en Medicina Deportiva del Equino'),
(639, 'Maestria en Produccion Animal'),
(640, 'Maestria en Cardiologia Veterinaria'),
(641, 'Maestria en Gestion de Discapacidad'),
(642, 'Carrera de Especializacion en Docencia Universitaria para Ciencias Veterinarias y Biologicas'),
(643, 'Carrera de Especializacion en Cirugia de Pequenos Animales'),
(644, 'Carrera de Especializacion en Inocuidad y Calidad Agroalimentaria'),
(645, 'Carrera de Especializacion en Cardiologia Clinica Veterinaria'),
(646, 'Carrera de Especializacion en Clinica Medica de Pequenos Animales'),
(647, 'Carrera de Especializacion en Medicina Deportiva del Equino'),
(648, 'Carrera de Especializacion en Bromatologia y Tecnologia de Alimentos'),
(649, 'Carrera de Especializacion en Cirugia de Grandes Animales'),
(650, 'Carrera de Especializacion en Diagnostico de Laboratorio de Enfermedades Infecciosas Veterinarias'),
(651, 'Carrera de Especializacion en Bienestar Animal'),
(652, 'Carrera de Especializacion en Ultrasonografia Diagnostica en Pequenos Animales'),
(653, 'Carrera de Especializacion en Terapia Fisica para Pequenos Animales'),
(654, 'Carrera de Especializacion en Pesca y Produccion Acuicola'),
(655, 'Traductor Publico'),
(656, 'Caligrafo Publico'),
(657, 'Profesorado'),
(658, 'Derecho Administrativo y Administracion Publica'),
(659, 'Derecho Comercial y de los Negocios'),
(660, 'Derecho de Familia, Infancia y Adolescencia'),
(661, 'Derecho del Trabajo'),
(662, 'Derecho Penal'),
(663, 'Derecho Internacional de los Derechos Humanos'),
(664, 'Derecho Internacional Privado'),
(665, 'Derecho Penal del MERCOSUR'),
(666, 'Derecho y Economia'),
(667, 'Filosofia del Derecho'),
(668, 'Magistratura'),
(669, 'Traduccion e Interpretacion'),
(670, 'Administracion de Justicia'),
(671, 'Asesoria Juridica de Empresas'),
(672, 'Cibercrimen y Prueba Digital'),
(673, 'Derecho Ambiental'),
(674, 'Derecho Bancario'),
(675, 'Derecho Constitucional'),
(676, 'Derecho de Danos'),
(677, 'Derecho de Salud y Responsabilidad Medica e Institucional'),
(678, 'Derecho Informatico'),
(679, 'Derecho Procesal Civil'),
(680, 'Derecho Tributario'),
(681, 'Derecho y Politica de los Recursos Naturales y del Ambiente'),
(682, 'Discapacidad y Derechos'),
(683, 'Estructura Juridico-Economica de la Regulacion Energetica'),
(684, 'Interdisciplinaria en Problematicas Infanto-Juveniles'),
(685, 'Ministerio Publico'),
(686, 'Carrera de especializacion en Derecho Penal'),
(687, 'Licenciatura en Ciencia y Tecnologia de Alimentos'),
(688, 'Tecnicatura Universitaria en Medicina Nuclear'),
(689, 'Tecnicatura Universitaria en Optica y Contactologia'),
(690, 'Maestria en Biologia Molecular Medica'),
(691, 'Maestria en Ciencias Biomedicas ? IMBS (Programa Argentino-Aleman)'),
(692, 'Mas informacion Maestria en Salud Publica'),
(693, 'Maestria en Bromatologia y Tecnologia de la Industrializacion de Alimentos'),
(694, 'Maestria en ciencia reguladora de productos para la salud'),
(695, 'Biotecnologia'),
(696, 'Bioquimica Farmaceutica'),
(697, 'Gestion en el Laboratorio Clinico'),
(698, 'Bioquimica Clinica, Area Parasitologia'),
(699, 'Bibliotecologia y Ciencia de la Informacion'),
(700, 'Ciencias Antropologicas'),
(701, 'Ciencias de la Educacion'),
(702, 'Edicion'),
(703, 'Filosofia'),
(704, 'Geografia'),
(705, 'Letras'),
(706, 'Lenguas y Letras Clasicas'),
(707, 'Lenguas Modernas'),
(708, 'Especializacion en Educacion Infantil'),
(709, 'Especializacion en Evaluacion y Estudio de Impacto Arqueologico'),
(710, 'Especializacion en Gestion Cultural'),
(711, 'Especializacion en Museos, Transmision Cultural y Manejo de Colecciones Antropologicas e Historicas'),
(712, 'Especializacion en Neurociencias Cognitivas del Lenguaje y la Lectura'),
(713, 'Especializacion en Pedagogias para la igualdad en contextos socioeducativos diversos'),
(714, 'Especializacion en Procesos de Lectura y Escritura'),
(715, 'Especializacion en Tecnologia Educativa'),
(716, 'Especializacion en Traduccion Literaria'),
(717, 'Filosofia Pasional'),
(718, 'Gramatica en Espanol'),
(719, 'Maestria en Analisis del Discurso'),
(720, 'Maestria en Antropologia Social'),
(721, 'Maestria en Educacion para la Primera Infancia'),
(722, 'Maestria en Educacion: Pedagogias Criticas y Problematicas Socioeducativas.'),
(723, 'Maestria en Estudios Clasicos'),
(724, 'Maestria en Estudios Culturales de America Latina'),
(725, 'Maestria en Estudios de Teatro y Cine Latinoamericano y Argentino'),
(726, 'Maestria en Estudios Historico-Arqueologicos'),
(727, 'Maestria en Estudios Interdisciplinarios de la Subjetividad'),
(728, 'Maestria en Estudios Latinoamericanos del Trabajo'),
(729, 'Maestria en Estudios Literarios'),
(730, 'Maestria en Estudios Medievales'),
(731, 'Maestria en Filosofia Politica'),
(732, 'Maestria en Gestion Cultural'),
(733, 'Maestria en Historia Argentina y Latinoamericana'),
(734, 'Maestria en Literaturas en Lenguas Extranjeras y en Literaturas Comparadas'),
(735, 'Maestria en Literaturas Espanola y Latinoamericana'),
(736, 'Maestria en Patrimonio Artistico y Cultura en Sudamerica Colonial'),
(737, 'Maestria en Politicas Ambientales y Territoriales'),
(738, 'Maestria en Tecnologia Educativa'),
(739, 'Maestria en Bibliotecologia y Ciencia de la Informacion'),
(740, 'Maestria en Educacion Infantil'),
(741, 'Doctorado en Antropologia'),
(742, 'Doctorado en Arqueologia'),
(743, 'Doctorado en Bibliotecologia'),
(744, 'Doctorado en Ciencias de la Educacion'),
(745, 'Doctorado en Estudios de Genero'),
(746, 'Doctorado en Filosofia'),
(747, 'Doctorado en Geografia'),
(748, 'Doctorado en Historia'),
(749, 'Doctorado en Historia y Teoria de las Artes'),
(750, 'Doctorado en Letras Clasicas'),
(751, 'Doctorado en Linguistica'),
(752, 'Doctorado en Literatura'),
(753, 'Ingenieria Electricista'),
(754, 'Ingenieria en Agrimensura'),
(755, 'Ingenieria en Petroleo'),
(756, 'Ingenieria Mecanica'),
(757, 'Ingenieria Naval'),
(758, 'Licenciatura en Analisis de Sistemas'),
(759, 'Automatizacion Industrial'),
(760, 'Ciencias de la Ingenieria'),
(761, 'Construccion y Diseno Estructural'),
(762, 'Direccion Industrial'),
(763, 'Diseno Abierto para la Innovacion'),
(764, 'Estudios sobre Servicios de Comunicacion Audiovisual'),
(765, 'Explotacion de Datos y Descubrimiento de Conocimiento'),
(766, 'Hidraulica Urbana'),
(767, 'Ingenieria de Materiales Compuestos'),
(768, 'Ingenieria de Transporte - Orientacion Vial'),
(769, 'Ingenieria en Petroleo y Gas Natural'),
(770, 'Ingenieria Matematica'),
(771, 'Ingenieria Optoelectronica y Fotonica'),
(772, 'Ingenieria Sanitaria'),
(773, 'Planificacion y Gestion de la Ingenieria Urbana'),
(774, 'Planificacion y Movilidad Urbana'),
(775, 'Servicios y Redes de Telecomunicaciones'),
(776, 'Simulacion Numerica y Control'),
(777, 'Sistemas Embebidos'),
(778, 'Tecnologias Urbanas Sostenibles'),
(779, 'Aplicaciones Tecnologicas de la Energia Nuclear'),
(780, 'Gas Natural'),
(781, 'Gestion de Servicios'),
(782, 'Ingenieria de Reservorios'),
(783, 'Ingenieria Ferroviaria'),
(784, 'Ingenieria Geodesica-Geofisica'),
(785, 'Ingenieria Optoelectronica'),
(786, 'Ingenieria Portuaria'),
(787, 'Petroleo y Derivados'),
(788, 'Proteccion Radiologica y Seguridad de las Fuentes de Radiacion'),
(789, 'Seguridad Nuclear'),
(790, 'Tecnologia de Telecomunicaciones'),
(791, 'Geociencias Aplicadas a la Exploracion y Desarrollo de los Hidrocarburos'),
(792, 'Licenciatura en Obstetricia'),
(793, 'Tecnicatura en Anestesia'),
(794, 'Tecnicatura en Cosmetologia Facial y Corporal'),
(795, 'Tecnicatura en Hemoterapia e Inmunohematologia'),
(796, 'Tecnicatura en Instrumentacion Quirurgica'),
(797, 'Tecnicatura en Podologia'),
(798, 'Tecnicatura en Practicas Cardiologicas'),
(799, 'Carrera de Odontologia'),
(800, 'Curso de Asistentes Dentales'),
(801, 'Anatomia Patologica Bucomaxilofacial'),
(802, 'Cirugia y Traumatologia Bucomaxilofacial'),
(803, 'Diagnostico por Imagenes Buco Maxilo Facial'),
(804, 'Endodoncia'),
(805, 'Estetica Dental y Diseno Dinamico de la Sonrisa'),
(806, 'Odontologia Comunitaria y en Gestion de Sistemas y Servicios de Salud Bucal'),
(807, 'Odontologia Integral para Personas con Riesgo Medico y Discapacidad'),
(808, 'Odontologia Legal'),
(809, 'Odontopediatria'),
(810, 'Operatoria y Estetica Dental'),
(811, 'Ortodoncia y Ortopedia Maxilar'),
(812, 'Periodoncia'),
(813, 'Produccion de Bioimagenes Bucomaxilofacial'),
(814, 'Programa de complementacion curricular introductorio para cursantes de la Carrera de Especializacion en Endodoncia'),
(815, 'Prostodoncia'),
(816, 'Protesis Dentobucomaxilar'),
(817, 'Odontologia Integral en Pacientes con Riesgo Medico'),
(818, 'Cirugia'),
(819, 'Cariologia'),
(820, 'Ciencias Basicas'),
(821, 'E-LEARNING'),
(822, 'Estomatologia'),
(823, 'Farmacologia'),
(824, 'Materiales dentales'),
(825, 'Metodologia Cientifica'),
(826, 'Microbiologia'),
(827, 'Odontologia Integral Adultos'),
(828, 'Operatoria Dental'),
(829, 'Radiologia'),
(830, 'Rehabilitacion Protetica'),
(831, 'Licenciatura en Musicoterapia'),
(832, 'Profesorado en Psicologia'),
(833, 'Maestria en Psicoanalisis'),
(834, 'Maestria en Psicodiagnostico y Evaluacion Psicologica'),
(835, 'Maestria en Psicologia Cognitiva'),
(836, 'Maestria en Psicologia Educacional'),
(837, 'Psicologia Clinica con Orientacion Psicoanalitica'),
(838, 'Psicologia Clinica con Orientacion Psicoanalitica - Convenio Residentes GCBA'),
(839, 'Psicologia Clinica y Terapia Cognitivo - Conductual'),
(840, 'Psicologia Clinica de la Discapacidad'),
(841, 'Psicologia Forense'),
(842, 'Interdisciplinaria de Especializacion en Neuropsicologia Clinica'),
(843, 'Psicologia Clinica de Ninos y Adolescentes'),
(844, 'Psicologia Clinica de Ninos y Adolescentes - Convenio Residentes GCBA'),
(845, 'Terapia Ocupacional: Patologias y Terapeuticas de la Ninez'),
(846, 'Psicologia Organizacional y del Trabajo'),
(847, 'Psicologia Perinatal'),
(848, 'Prevencion y Asistencia Psicologica en Infancia y Ninez'),
(849, 'Psicopedagogia Clinica'),
(850, 'Psicologia Clinica con Orientacion Sistemica'),
(851, 'Intervenciones Transdisciplinarias en Violencia Familiar y de Genero'),
(852, 'Licenciatura en Direccion de Negocios Globales'),
(853, 'Licenciatura en Direccion en Finanzas Globales'),
(854, 'Licenciatura en Gestion de Servicios de la Salud'),
(855, 'Programa Conjunto Administracion de Empresas y Comercializacion'),
(856, 'Programa Conjunto Administracion de Empresas y Comercio Internacional'),
(857, 'Programa Conjunto Administracion de Empresas y Contador Publico'),
(858, 'Programa Conjunto Administracion de Empresas y Finanzas'),
(859, 'Programa Conjunto Administracion de Empresas y Recursos Humanos'),
(860, 'Programa Conjunto Comercializacion y Comercio Internacional'),
(861, 'Programa Conjunto Contador Publico y Abogacia'),
(862, 'Programa Conjunto Contador Publico y Finanzas'),
(863, 'Programa Conjunto Economia y Finanzas'),
(864, 'Diplomatura Universitaria en Fintech'),
(865, 'Diplomatura en Administracion de Inversiones Financieras'),
(866, 'Licenciatura en Tecnologia de los Alimentos'),
(867, 'Programa Conjunto Tecnologia Industrial de los Alimentos y Biotecnologia'),
(868, 'Diplomatura en Tendencias para el Desarrollo y Produccion de Alimentos Saludables'),
(869, 'Licenciatura en Gestion Ambiental'),
(870, 'Licenciatura en Produccion y Gestion Agropecuaria'),
(871, 'Diplomatura Universitaria en Comercializacion Agropecuaria'),
(872, 'Tecnicatura Universitaria en Construcciones'),
(873, 'Licenciatura en Bioinformatica'),
(874, 'Licenciatura en Biotecnologia'),
(875, 'Ciclo de la Licenciatura en Ciencias de la Comunicacion'),
(876, 'Licenciatura en Ciencias de la Comunicacion'),
(877, 'Licenciatura en Comunicacion Digital e Interactiva'),
(878, 'Licenciatura en Comunicacion Global'),
(879, 'Licenciatura en Relaciones Publicas e Institucionales'),
(880, 'Programa Conjunto Relaciones Publicas e Institucionales y Ciencias de la Comunicacion'),
(881, 'Programa Conjunto Relaciones Publicas e Institucionales y Gobierno y Relaciones Internacionales'),
(882, 'Tecnicatura en Periodismo Deportivo'),
(883, 'Diplomatura en Produccion de Contenidos Digitales para Redes'),
(884, 'Licenciatura en Gobierno y Relaciones Internacionales'),
(885, 'Programa Conjunto Politica y Administracion - Gobierno y Relaciones Internacionales'),
(886, 'Martillero Publico, Corredor y Administrador de Consorcios'),
(887, 'Licenciatura en Diseno Audiovisual'),
(888, 'Licenciatura en Diseno de la Imagen Visual'),
(889, 'Licenciatura en Diseno de Interiores'),
(890, 'Licenciatura en Diseno Industrial'),
(891, 'Licenciatura en Diseno Multimedia y de Interaccion'),
(892, 'Licenciatura en Diseno Textil e Indumentaria'),
(893, 'Licenciatura en Diseno y Gestion de Esteticas para la Moda'),
(894, 'Programa Conjunto Diseno Grafico y Diseno Multimedia y de Interaccion'),
(895, 'Tecnicatura Universitaria en Dise?o de la Imagen Visual'),
(896, 'Curso de Dise?o de Interiores y el Paisaje'),
(897, 'Curso Corto de Dise?o de Comercios y Oficinas'),
(898, 'Curso Corto de Dise?o para Gastronomia y Hoteleria'),
(899, 'Curso de Fotografia'),
(900, 'Licenciatura en Artes Escenicas'),
(901, 'Licenciatura en Gestion de Medios y Entretenimiento'),
(902, 'Licenciatura en Gestion Deportiva'),
(903, 'Diplomatura en Management de Plataformas de Entretenimiento'),
(904, 'Organizacion de Eventos'),
(905, 'Produccion de Espectaculos Artisticos y Musicales'),
(906, 'Programa Corto de Actuacion'),
(907, 'Licenciatura en Gastronomia'),
(908, 'Licenciatura en Turismo y Hoteleria'),
(909, 'Tecnicatura Universitaria en Hoteleria'),
(910, 'Tecnicatura Universitaria en Arte Culinario'),
(911, 'Cocinero Profesional'),
(912, 'Programa Conjunto Traductorado Publico en Idioma Ingles - Interpretariado Simultaneo de Idioma Ingles'),
(913, 'Programa Conjunto Traductorado Publico en Idioma Ingles - Traductorado Cientifico de Idioma Ingles'),
(914, 'Licenciatura en Gestion de Tecnologia de la Informacion'),
(915, 'Tecnicatura Universitaria en Desarrollo de Software'),
(916, 'Tecnicatura Universitaria en Desarrollo de Videojuegos'),
(917, 'Diplomatura en Ciencia de Datos'),
(918, 'Diplomatura en Desarrollo Web Full Stack'),
(919, 'Plan Conjunto Tecnicatura Universitaria en Desarrollo de Software - Tecnicatura Universitaria en Desarrollo de Videojuegos'),
(920, 'Ingenieria Electromecanica'),
(921, 'Programa Conjunto Ingenieria Industrial e Ingenieria Electromecanica'),
(922, 'Tecnicatura Universitaria en Salud Mental (Costa Argentina)'),
(923, 'Diplomatura Universitaria en Gestion Integral del Bienestar de las Personas Mayores'),
(924, 'Diplomatura Universitaria en Habilidades Comunicativas para Profesionales de la Salud'),
(925, 'Analista Universitario en Seguridad Maritima'),
(926, 'Licenciado en Seguridad Maritima'),
(927, 'Analista Universitario en Administracion y Contabilidad del Sector Publico con Orientacion en Administracion Maritima'),
(928, 'Licenciado en Administracion y Contabilidad del Sector Publico con Orientacion en Administracion Maritima'),
(929, 'Analista Universitario en Seguridad del Trabajo en Buques y ambito'),
(930, 'Tecnico Universitario en Seguridad con Orientacion en Proteccion Maritima y Portuaria'),
(931, 'Tecnico Universitario en Comunicaciones de Control y Seguridad del Trafico Maritimo, Fluvial y Lacustre'),
(932, 'Tecnico Universitario en Gestion Administrativa de Bienes y Servicios del Estado'),
(933, 'Tecnico Universitario en Navegacion con Orientacion Motores'),
(934, 'Tecnico Universitario en Salvamento y Proteccion Ambiental'),
(935, 'Tecnico Universitario en Navegacion con Orientacion en Proteccion de Buques e Instalaciones Portuarias'),
(936, 'Tecnico Universitario en Navegacion con Orientacion en Electricidad'),
(937, 'Profesorado Universitario - Ciclo de Profesorado'),
(938, 'Ingenieria Electromecanica Orientacion Automatizacion'),
(939, 'Licenciatura en Administracion Publica '),
(940, 'Licenciatura en Cultura y Lenguajes Artisticos IDH'),
(941, 'Licenciatura en Ecologia ICO'),
(942, 'Licenciatura en Economia Industrial'),
(943, 'Licenciatura en Economia Politica'),
(944, 'Licenciatura en Educacion '),
(945, 'Licenciatura en Estudios Politicos '),
(946, 'Licenciatura en Politica Social '),
(947, 'Licenciatura en Urbanismo '),
(948, 'Profesorado Universitario de Educacion Superior en Economia '),
(949, 'Profesorado Universitario de Educacion Superior en Filosofia '),
(950, 'Profesorado Universitario de Educacion Superior en Fisica '),
(951, 'Profesorado Universitario de Educacion Superior en Geografia '),
(952, 'Profesorado Universitario de Educacion Superior en Historia '),
(953, 'Profesorado Universitario de Educacion Superior en Lengua y Literatura '),
(954, 'Profesorado Universitario de Educacion Superior en Matematica '),
(955, 'Tecnicatura Superior en Automatizacion y Control '),
(956, 'Tecnicatura Superior en Informatica'),
(957, 'Tecnicatura Superior en Quimica'),
(958, 'Tecnicatura Superior en Sistemas de Informacion Geografica'),
(959, 'Instituto de Ciencias'),
(960, 'Doctorado en Ciencia y Tecnologia'),
(961, 'Maestria en Ciencias Sociales'),
(962, 'Instituto de Industria'),
(963, 'Maestria en Economia y Desarrollo Industrial, mencion en la Pequena y Mediana Empresa (PyMES)'),
(964, 'Maestria en Estudios Organizacionales'),
(965, 'Maestria en Gestion de la Ciencia, la Tecnologia y la Innovacion (MGCTI)'),
(966, 'Posgrado en Direccion Estrategica de PYMES Industriales'),
(967, 'Posgrado virtual en Gestion de la Mejora Continua'),
(968, 'Instituto del Conurbano '),
(969, 'Doctorado en Estudios Urbanos '),
(970, 'Maestria en Economia Social'),
(971, 'Maestria en Estudios Urbanos'),
(972, 'Especializacion en Cartografia Tematica Aplicada al Analisis Espacial'),
(973, 'Instituto del Desarrollo Humano '),
(974, 'Maestria en Historia Contemporanea'),
(975, 'Maestria en Interculturalidad y Comunicacion'),
(976, 'Especializacion en Didactica de las Ciencias'),
(977, 'Especializacion en Filosofia Politica'),
(978, 'Especializacion en Politica y Gestion de la Escuela Secundaria'),
(979, 'Especializacion en Politica y Gestion Universitaria'),
(980, 'Especializacion en Practicas Sociales de Lectura y Escritura'),
(981, 'Tecnicatura en Diagnostico por Imagenes'),
(982, 'Tecnicatura en Electromedicina'),
(983, 'Tecnicatura en Programacion Informatica'),
(984, 'Tecnicatura en Redes Informaticas'),
(985, 'Tecnicatura en Aplicaciones Nucleares'),
(986, 'Tecnicatura en Laboratorio'),
(987, 'Observatorio de Educacion Superior y Politicas Universitarias (OESPU)'),
(988, 'Tecnicatura en Gestion Universitaria'),
(989, 'Animacion 3D y Efectos Visuales'),
(990, 'Ingenieria en Transporte'),
(991, 'Ingenieria en Ambiental'),
(992, 'Ingenieria en Biomedica'),
(993, 'Ingenieria en Electronica'),
(994, 'Ingenieria en Energia'),
(995, 'Licenciatura en Analisis Ambiental'),
(996, 'Licenciatura en Fisica Medica'),
(997, 'Licenciatura en Diagnostico por Imagenes'),
(998, 'Licenciatura en Tecnologia e Instrumentacion Biomedica'),
(999, 'Licenciatura en Administracion y Gestion Empresarial'),
(1000, 'Licenciatura en Contador Publico'),
(1001, 'Licenciatura en Estudios de la Comunicacion'),
(1002, 'Profesorado en Ciencias de la Educacion'),
(1003, 'Licenciatura en Comunicacion Audiovisual'),
(1004, 'Licenciatura en Lengua Inglesa'),
(1005, 'Licenciatura en Artes'),
(1006, 'Licenciatura en Ensenanza de las Ciencias'),
(1007, 'Licenciatura en Ensenanza de las Ciencias Sociales'),
(1008, 'Licenciatura en Ensenanza de la Lengua y la Literatura'),
(1009, 'Licenciatura en Educacion Inicial'),
(1010, 'Licenciatura en Educacion Especial'),
(1011, 'Profesorado en Ciencia Politica'),
(1012, 'Licenciatura en Ciencia Politica'),
(1013, 'Licenciatura en Sociologia'),
(1014, 'Licenciatura en Antropologia Social y Cultural'),
(1015, 'Licenciatura en Ortesis y Protesis'),
(1016, 'Licenciatura en Rehabilitacion Visual'),
(1017, 'Ingenieria en Nuclear con orientacion en aplicaciones'),
(1018, 'Ingenieria en Agrobiotecnologia'),
(1019, 'Ingenieria en Materiales'),
(1020, 'Gestion y Tecnologia Ferroviaria'),
(1021, 'Licenciatura en Conservacion y Restauracion del Patrimonio Cultural'),
(1022, 'Licenciatura en Cine Documental'),
(1023, 'Licenciatura en Fotografia'),
(1024, 'Licenciatura en Musica Argentina'),
(1025, 'Licenciatura en Gestion Educativa'),
(1026, 'Tecnicatura Universitario en Gestion Publica'),
(1027, 'Profesorado de Educacion Inicial'),
(1028, 'Tecnicatura Universitaria en Emergencias Medicas'),
(1029, 'Tecnicatura Universitaria en Gestion Ambiental'),
(1030, 'Ciencias del Comportamiento'),
(1031, 'Comunicacion'),
(1032, 'Humanidades'),
(1033, 'Negocios Digitales'),
(1034, 'Licenciatura en Administracion de Negocios'),
(1035, 'Licenciatura en Ciencias de la Educacion'),
(1036, 'Diplomatura en Ejecucion Penal y Cuestiones Penitenciarias'),
(1037, 'Diplomatura en Delitos Complejos'),
(1038, '\"Diplomatura \"\"Capacitacion en el nuevo codigo procesal penal de la provincia de Corrientes\"\"\"'),
(1039, 'Programa de Actualizacion Penal Juvenil'),
(1040, 'Diplomatura en Abordaje de Conflictos Juridicos con Perspectiva de Genero'),
(1041, 'Diplomatura en Juicio por Jurados'),
(1042, 'Diplomatura en Futuro del Trabajo y Movimiento Sindical'),
(1043, 'Programa de Litigacion en Juicios Orales Penales');
INSERT INTO `carreras` (`id_carrera`, `nombre_carrera`) VALUES
(1044, 'Curso Superior Universitario en Orientacion Vocacional desde un Enfoque Integral'),
(1045, 'Curso Superior Universitario sobre Procesos Inclusivos para las Instituciones Educativas'),
(1046, 'Programa de Educacion Digital'),
(1047, 'Diplomatura en Gestion Adecuada de Conflictos y Comunicacion Eficaz'),
(1048, 'Curso Introduccion a la Tecnica Fotografica como Herramienta de la Comunicacion Visual'),
(1049, 'Diplomatura en Trabajo Social'),
(1050, 'Executive MBA'),
(1051, 'MBA Full-Time'),
(1052, 'Innovacion'),
(1053, 'Direccion de la Pequena y Mediana Empresa'),
(1054, 'Programa de Direccion de Empresas de la Construccion'),
(1055, 'Emprendedores'),
(1056, 'Alta Direccion'),
(1057, 'Estrategia - Movilizacion - Ejecucion'),
(1058, 'Programa de Alta Direccion'),
(1059, 'Programa de Alta Direccion para Lideres de las Americas'),
(1060, 'Compliance para la Alta Direccion'),
(1061, 'Administracion Bancaria'),
(1062, 'Administracion de Recursos Humanos'),
(1063, 'Administracion Franco Argentina'),
(1064, 'Comercializacion con Orientacion en Negocios Digitales'),
(1065, 'Comercio Internacional'),
(1066, 'Economia - Internacional con Francia'),
(1067, 'Economia con Orientacion en Economia Politica'),
(1068, 'Economia de Empresa'),
(1069, 'Gerenciamiento Economico Intercultural'),
(1070, 'Licenciatura en Mercado de Capitales'),
(1071, 'Licenciatura en Periodismo Deportivo'),
(1072, 'Licenciatura en Ciencia de la Educacion'),
(1073, 'Martillero y Corredor'),
(1074, 'Servicio Social'),
(1075, 'Corrector Literario'),
(1076, 'Estudios Orientales'),
(1077, 'Tecnicatura en Yoga'),
(1078, 'Gestion e Historia de las Artes'),
(1079, 'Tecnicatura en Organizacion de Eventos'),
(1080, 'Turismo'),
(1081, 'Sistemas de Informacion'),
(1082, 'Actividad Fisica y Deportiva'),
(1083, 'Tecnicatura en Dermatocosmiatria'),
(1084, 'Tecnologia para Diagnostico por Imagenes'),
(1085, 'Terapia Fisica'),
(1086, 'Terapia Ocupacional'),
(1087, 'Arte dramatico'),
(1088, 'Artes del Teatro'),
(1089, 'Arte y Diseno Digital'),
(1090, 'Interpretacion de Conferencias en Ingles'),
(1091, 'Lengua Inglesa'),
(1092, 'Traductorado Cientifico Literario en Portugues'),
(1093, 'Traductorado Cientifico-Literario en Ingles'),
(1094, 'Traductorado Cientifico-Literario en Italiano'),
(1095, 'Traductorado Publico de Ingles'),
(1096, 'Traductorado Publico de Italiano'),
(1097, 'Traductorado Publico en Portugues'),
(1098, 'Derecho del Consumidor'),
(1099, 'Litigacion Oral Penal'),
(1100, 'Criminologia y Medicina Legal'),
(1101, 'Marketing de Exportaciones'),
(1102, 'Informacion Financiera para la Gestion Publica'),
(1103, 'Innovacion Humana y Desarrollo del Talento'),
(1104, 'Coaching Organizacional y Liderazgo'),
(1105, 'Estudios Coreanos'),
(1106, 'Seguridad Publica'),
(1107, 'Diseno y Gestion Didactica TIC'),
(1108, 'Diplomado en la mujer argentina en las Artes y en las Letras'),
(1109, 'Diplomatura Universitaria en cuento del Siglo XX'),
(1110, 'Lengua y Cultura Italianas'),
(1111, 'Estudios Irlandeses'),
(1112, 'Estudios Avanzados de Lengua Inglesa'),
(1113, 'Gestion de la Empresa Agropecuaria'),
(1114, 'Sistemas de Informacion Geografica'),
(1115, 'Medicina Felina'),
(1116, 'Idiomas y cultura aramea'),
(1117, 'Gramatica de la Lengua Espanola'),
(1118, 'Correccion de textos academicos'),
(1119, 'Yoga y sus Aportes Contemporaneos'),
(1120, 'Problematicas Filosoficas Contemporaneas'),
(1121, 'Estudios Chinos Contemporaneos'),
(1122, 'Diplomatura en Ecografia, Doppler e intervencionismo'),
(1123, 'Diplomatura en Endodoncia'),
(1124, 'Nutricion en la Produccion de Alimentos'),
(1125, 'Estrategias de Comunicacion y Liderazgo en las Organizaciones Educativas'),
(1126, 'Profesorado en Actividad Fisica y Deporte'),
(1127, 'Licenciatura en Ciencias Ambientales'),
(1128, 'Licenciatura en Seguridad e Higiene y Control Ambiental Laboral'),
(1129, 'Licenciatura en Seguridad e Higiene y Control Ambiental Laboral para Tecnicos'),
(1130, 'Ciclo de Licenciatura en Educacion'),
(1131, 'Ciencias para la Familia'),
(1132, 'Comunicacion Social'),
(1133, 'Organizacion y Gestion Educativa'),
(1134, 'Orientacion Familiar'),
(1135, 'Profesorado Secundario y Superior'),
(1136, 'Profesorado Universitario Primario'),
(1137, 'Licenciatura en Dise?o de Interiores'),
(1138, 'Tecnicatura Universitaria en Documentacion y Comunicacion de Obra'),
(1139, 'Licenciatura en Dise?o Grafico'),
(1140, 'Licenciatura en Produccion y Realizacion Audiovisual'),
(1141, 'Tecnicatura en Periodismo'),
(1142, 'Tecnicatura Superior en Publicidad'),
(1143, 'Tecnicatura Animacion Digital y Efectos Visuales'),
(1144, 'Tecnicatura Guion de Producciones Audiovisuales'),
(1145, 'Tecnicatura Periodismo Deportivo'),
(1146, 'Profesorado Universitario para la Educacion Secundaria y Superior'),
(1147, 'Licenciatura en Gestion de Instituciones Educativas'),
(1148, 'Tecnicatura Superior en Administracion General'),
(1149, 'Tecnicatura Universitaria en Ventas'),
(1150, 'Martillero Publico, Corredor y Administrador de Consorcio'),
(1151, 'Maestria en Derecho Administrativo'),
(1152, 'Maestria en Derecho del Comercio Internacional'),
(1153, 'Tecnicatura en Protesis Dental'),
(1154, 'Licenciatura en Actividad Fisica y Deportes'),
(1155, 'Profesorado Educacion Fisica y Deporte'),
(1156, 'Tecnicatura en Acompanamiento Terapeutico'),
(1157, 'Ingenieria en Sistemas Informaticos'),
(1158, 'Licenciatura en Gestion de Tecnologia Informatica'),
(1159, 'Licenciatura en Matematica'),
(1160, 'Licenciatura en Produccion de Simuladores y Videojuegos'),
(1161, 'Profesorado en Matematica'),
(1162, 'Analista Programador'),
(1163, 'Tecnicatura en Administracion de Comunidades Virtuales'),
(1164, 'Analista de Sistemas Informaticos'),
(1165, 'Profesorado de Matematica'),
(1166, 'Licenciatura en Hoteleria'),
(1167, 'Guia en Turismo'),
(1168, 'Tecnicatura en Gestion y Organizacion de Eventos'),
(1169, 'Tecnicatura en Emergencias Sanitarias y Desastres'),
(1170, 'Tecnicatura Universitaria en Farmacia Hospitalaria'),
(1171, 'Tecnicatura Universitaria en Informacion Clinica y Gestion de Pacientes'),
(1172, 'Bioingenieria'),
(1173, 'Licenciatura en Administracion Agraria'),
(1174, 'Licenciatura en Ciencias Agrarias'),
(1175, 'Tecnicatura en Emprendimientos Agropecuarios'),
(1176, 'Tecnicatura en Produccion Vegetal Intensiva'),
(1177, 'Conservacion de la naturaleza y areas naturales protegidas'),
(1178, 'Dise?o industrial'),
(1179, 'Dise?o de marcas y envases'),
(1180, 'Licenciatura en dise?o industrial'),
(1181, 'Tecnicatura en intervencion socio comunitaria'),
(1182, 'Artes audiovisuales'),
(1183, 'Gestion cultural'),
(1184, 'Tecnicatura en direccion de orquestas y coros infantiles y juveniles'),
(1185, 'Licenciatura en museologia y repositorios culturales y naturales'),
(1186, 'Actividad fisica y deporte'),
(1187, 'Licenciatura en gerencia de empresas'),
(1188, 'Tecnicatura en mantenimiento industrial del sector automotriz'),
(1189, 'Tecnicatura en seguridad e higiene de la industria mecanico-automotriz'),
(1190, 'Tecnicatura en politica, gestion y comunicacion'),
(1191, 'Ingenieria Zootecnista'),
(1192, 'Tecnicatura en Procesamiento Agroalimentario'),
(1193, 'Tecnicatura en Produccion Vegetal'),
(1194, 'Tecnicatura en Produccion Animal'),
(1195, 'Tecnicatura en Dise?o y Mantenimiento de Espacios Verdes'),
(1196, 'Tecnicatura en Arboricultura y Vivericultura'),
(1197, 'Tecnicatura en Calidad e Inocuidad Agroalimentaria'),
(1198, 'Profesorado en Comunicacion Social'),
(1199, 'Tecnicatura en Minoridad y Familia'),
(1200, 'Profesorado en Psicopedagogia'),
(1201, 'Tecnicatura en Publicidad'),
(1202, 'Tecnicatura en Relaciones Laborales'),
(1203, 'Tecnicatura en Relaciones Publicas'),
(1204, 'Licenciatura en Seguridad'),
(1205, 'Licenciatura en Comercio Internacional y Aduanas'),
(1206, 'Corredor de Comercio y Martillero Publico'),
(1207, 'Despachante de Aduana'),
(1208, 'Tecnicatura en Seguridad'),
(1209, 'Tecnicatura en Comercio Internacional y Aduanas'),
(1210, 'Profesorado en Ciencias Juridicas'),
(1211, 'Ingenieria Mecatronica'),
(1212, 'Licenciatura en Higiene y Seguridad en el Trabajo'),
(1213, 'Licenciatura en Gestion de Sistemas de Automatizacion y Robotica'),
(1214, 'Licenciatura en Gestion de la Informacion'),
(1215, 'Licenciatura en Gestion del Turismo'),
(1216, 'Licenciatura en Procesos Productivos con Orientacion en Automatizacion y Robotica'),
(1217, 'Tecnicatura en Mecanizacion de la Produccion Agropecuaria'),
(1218, 'Tecnicatura en Gestion de Organizaciones con Orientacion en Instituciones Deportivas'),
(1219, 'Tecnicatura en Higiene y Seguridad en el Trabajo'),
(1220, 'Tecnicatura en Construcciones'),
(1221, 'Tecnicatura en Operacion de Actividades Ferroviarias'),
(1222, 'Tecnicatura en Gestion Industrial'),
(1223, 'Tecnicatura en Gestion Informatizada de Pymes'),
(1224, 'Organizacion y Gestion de Educacion Tecnologica'),
(1225, 'Procesos Productivos'),
(1226, 'Programacion de Computadoras'),
(1227, 'Implementacion y Gestion Informatica'),
(1228, 'Gestion Aeropuertuaria'),
(1229, 'Logistica'),
(1230, 'Tecnicatura en Desarrollo de Software'),
(1231, 'Higiene y Seguridad'),
(1232, 'Tango'),
(1233, 'Introduccion a la Fotografia'),
(1234, 'Yoga'),
(1235, 'Canto Coral'),
(1236, 'Guitarra'),
(1237, 'Folklore de Adultos'),
(1238, 'Arquitectura Naval'),
(1239, 'Ingenieria en Automatizacion y Control Industrial'),
(1240, 'Tecnicatura en Biotecnologia'),
(1241, 'Tecnicatura en Quimica'),
(1242, 'Tecnicatura en Tecnologia Ambiental y Petroquimica'),
(1243, 'Tecnicatura en Seguridad e Higiene en el Trabajo'),
(1244, 'Profesorado de Ciencias Sociales'),
(1245, 'Profesorado de Comunicacion Social'),
(1246, 'Profesorado de Educacion'),
(1247, 'Profesorado de Historia'),
(1248, 'Licenciatura en Ciencias Sociales y Humanidades '),
(1249, 'Licenciatura en Geografia'),
(1250, 'Tecnicatura en Gestion de Medios Comunitarios'),
(1251, 'Licenciatura en Economia del Desarrollo'),
(1252, 'Licenciatura en Gestion de Recursos Humanos y Relaciones Laborales'),
(1253, 'Tecnicatura en Economia Social y Solidaria'),
(1254, 'Tecnicatura en Gestion de Pequenas y Medianas Empresas'),
(1255, 'Contador Publico Nacional'),
(1256, 'Tecnicatura en Ciencias Empresarias'),
(1257, 'Licenciatura en Artes Digitales'),
(1258, 'Licenciatura en Musica y Tecnologia'),
(1259, 'Tecnicatura en Creacion Musical'),
(1260, 'Tecnicatura en Produccion Digital'),
(1261, 'Tecnicatura en Produccion Musical y Nuevas Tecnologias'),
(1262, 'Licenciatura en Artes y Tecnologias'),
(1263, 'Gestion de Gobierno Local'),
(1264, 'Gestion y Administracion Universitaria'),
(1265, 'Audiovision'),
(1266, 'Ciencia y Tecnologia de los Alimentos'),
(1267, 'Diseno y Comunicacion Visual'),
(1268, 'Economia Politica'),
(1269, 'Educacion'),
(1270, 'Gestion Ambiental Urbana'),
(1271, 'Justicia y Derechos Humanos'),
(1272, 'Musica de Camara y Sinfonica'),
(1273, 'Planificacion Logistica'),
(1274, 'Seguridad Ciudadana'),
(1275, 'Tecnologias Ferroviarias'),
(1276, 'Tecnicatura en Diseno de Aplicaciones Moviles'),
(1277, 'Tecnicatura en Desarrollo Web'),
(1278, 'Profesorado en Educacion Fisica'),
(1279, 'Tecnicatura en Ceremonial y Protocolo'),
(1280, 'Procurador'),
(1281, 'Tecnicatura en Anatomia Patologica'),
(1282, 'Licenciatura en Educacion Secundaria '),
(1283, 'Analista Programador Universitario'),
(1284, 'Tecnicatura en Produccion y Diseno de Videojuegos'),
(1285, 'Tecnicatura en Produccion de Medios Audiovisuales'),
(1286, 'Tecnicatura en Comercio Electronico'),
(1287, 'Tecnicatura de Gobierno Electronico'),
(1288, 'Tecnicatura en Informatica Aplicada a la Salud'),
(1289, 'Licenciatura en Gestion Gubernamental'),
(1290, 'Tecnicatura en Acuicultura y Procesamiento Pesquero'),
(1291, 'Tecnicatura en Bromatologia y Medio Ambiente'),
(1292, 'Tecnicatura en Desarrollo Local y Regional'),
(1293, 'Tecnicatura en Diseno Industrial'),
(1294, 'Tecnicatura en Enologia'),
(1295, 'Tecnicatura en Gestion de Empresas Hoteleras'),
(1296, 'Tecnicatura en Gestion de la Industria Automotriz'),
(1297, 'Tecnicatura en Gestion de Tecnologias Agropecuarias'),
(1298, 'Tecnicatura en Gestion Empresas Turisticas'),
(1299, 'Tecnicatura en Industrias Alimentarias'),
(1300, 'Tecnicatura en Mantenimiento Industrial'),
(1301, 'Tecnicatura en Material Rodante Ferroviario'),
(1302, 'Tecnicatura en Mecatronica'),
(1303, 'Tecnicatura en Mediciones Fiscales y Operativas de Hidrocarburos'),
(1304, 'Tecnicatura en Moldes, Matrices y Dispositivos'),
(1305, 'Tecnicatura en Negociacion de Bienes'),
(1306, 'Tecnicatura en Operacion y Mantenimiento de redes Electricas'),
(1307, 'Tecnicatura en Procedimientos y Tecnologias Ambientales'),
(1308, 'Tecnicatura en Procesos Industriales'),
(1309, 'Tecnicatura en Produccion Textil'),
(1310, 'Tecnicatura en Programacion'),
(1311, 'Tecnicatura en Seguridad Urbana y Portuaria'),
(1312, 'Tecnicatura en Seguridad Vial'),
(1313, 'Tecnicatura en Sistemas Informaticos'),
(1314, 'Tecnicatura en Tecnologias de la Informacion'),
(1315, 'Tecnicatura en Telecomunicaciones'),
(1316, 'Tecnicatura en Yacimientos Hidrocarburiferos no Convencionales'),
(1317, 'Tecnicatura en Perforacion y Terminacion de Pozos Petroleros'),
(1318, 'Tecnicatura en Logistica'),
(1319, 'Tecnicatura en Metrologia'),
(1320, 'Tecnicatura en Energias Sustentables'),
(1321, 'Tecnicatura en Administracion'),
(1322, 'Tecnicatura en Gestion Aeronautica'),
(1323, 'Tecnicatura en Ciudades Inteligentes'),
(1324, 'Ingenieria Electrica'),
(1325, 'Ingenieria en Industria Automotriz'),
(1326, 'Ingenieria en Sistemas de Informacion'),
(1327, 'Ingenieria Metalurgica'),
(1328, 'Ingenieria Pesquera'),
(1329, 'Ingenieria Textil'),
(1330, 'Licenciatura Administracion Rural'),
(1331, 'Licenciatura Organizacion Industrial'),
(1332, 'Licenciatura en Ciencias Aplicadas'),
(1333, 'Licenciatura en Enologia'),
(1334, 'Licenciatura en Gestion de Empresas Turisticas'),
(1335, 'Licenciatura en Gestion de la Produccion Grafica'),
(1336, 'Licenciatura en la Ensenanza de la Fisica'),
(1337, 'Licenciatura en la Ensenanza de la Matematica'),
(1338, 'Licenciatura en la Ensenanza de la Quimica'),
(1339, 'Licenciatura en Tecnologia Educativa'),
(1340, 'Licenciatura en Gestion Sustentable de las Agrocadenas'),
(1341, 'Licenciatura en Administracion y Gestion en Instituciones de Educacion Superior'),
(1342, 'Licenciatura en Tecnologia Inclusiva'),
(1343, 'Licenciatura en Comercio Electronico'),
(1344, 'Licenciatura en Automatizacion y Control'),
(1345, 'Licenciatura en Tecnologia Aplicada a la Seguridad'),
(1346, 'Profesorado en Biologia'),
(1347, 'Tecnicatura en Metalurgia'),
(1348, 'Tecnicatura en Electricidad'),
(1349, 'Tecnicatura en Informatica'),
(1350, 'Tecnicatura en Mantenimiento Hospitalario'),
(1351, 'Tecnicatura en Gestion Ambiental'),
(1352, 'Tecnicatura en Tecnologia de los Alimentos'),
(1353, 'Tecnicatura en Produccion Agroecologica Periurbana'),
(1354, 'Tecnicatura en Viverismo'),
(1355, 'Tecnicatura en Cardiologia'),
(1356, 'Tecnicatura en Diseno de Calzado, y Marroquineria'),
(1357, 'Analista de Sistemas'),
(1358, 'Analista en Infor en Protesis Profesorado de Ingles para el 1? y 2? Ciclo de la Educacion General Basica'),
(1359, 'Analista Quimico'),
(1360, 'Analista en Comercio Internacional'),
(1361, 'Analista en Recursos Humanos'),
(1362, 'Analista en Relaciones Publicas'),
(1363, 'Optico Tecnico'),
(1364, 'Comunicador Publicitario'),
(1365, 'Diseno Integral en Comunicacion Multimedial'),
(1366, 'Instrumentador Quirurgico'),
(1367, 'Tasador, Martillero Publico y Corredor'),
(1368, 'Tecnicatura en Orientacion Genetica'),
(1369, 'Tecnicatura en Orientacion Psicopedagogica'),
(1370, 'Tecnicatura Superior en Comercializacion'),
(1371, 'Tecnicatura en Alimentos'),
(1372, 'Tecnicatura en Comercializacion Minorista'),
(1373, 'Tecnicatura en Cosmetologia, Cosmiatria y Estetica'),
(1374, 'Tecnicatura en Diseno de Indumentaria'),
(1375, 'Tecnicatura en Economia'),
(1376, 'Tecnicatura en Equipamiento Interior'),
(1377, 'Tecnicatura en Gestion Hotelera'),
(1378, 'Tecnicatura en Jardineria'),
(1379, 'Tecnicatura en Seguridad Vial y Transporte'),
(1380, 'Tecnicatura en Turismo'),
(1381, 'Traductor Literario y Cientifico Tecnico de Ingles'),
(1382, 'Ingenieria en Mecanizacion de la Produccion Agropecuaria'),
(1383, 'Licenciatura en Comercializacion a Distancia'),
(1384, 'Ingeniero Agrimensor'),
(1385, 'Licenciatura en Optica Oftalmica'),
(1386, 'Licenciatura en Biologia'),
(1387, 'Licenciatura en Ciencias de la'),
(1388, 'Licenciatura en Ciencias Quimicas'),
(1389, 'Licenciatura en Criminalistica'),
(1390, 'Licenciatura en Diseno de Indumentaria'),
(1391, 'Licenciatura en Diseno Grafico Multimedial'),
(1392, 'Licenciatura en Diseno Grafico Publicitario'),
(1393, 'Licenciatura en Diseno y Produccion en Comunicacion Multimedial'),
(1394, 'Licenciatura en Genetica'),
(1395, 'Licenciatura en Gestion Hotelera'),
(1396, 'Licenciatura en Prevencion Vial y Transporte');

-- --------------------------------------------------------

--
-- Estructura de tabla para la tabla `car_uni`
--

CREATE TABLE `car_uni` (
  `id_carrera` int(11) NOT NULL,
  `id_universidad` int(11) NOT NULL
) ENGINE=InnoDB DEFAULT CHARSET=utf8mb4;

--
-- Volcado de datos para la tabla `car_uni`
--

INSERT INTO `car_uni` (`id_carrera`, `id_universidad`) VALUES
(1, 1),
(2, 1),
(3, 1),
(4, 1),
(5, 1),
(6, 1),
(7, 1),
(8, 1),
(9, 1),
(10, 1),
(11, 1),
(12, 1),
(13, 1),
(14, 1),
(15, 1),
(16, 1),
(17, 1),
(18, 1),
(19, 1),
(20, 1),
(21, 1),
(22, 1),
(23, 1),
(24, 1),
(25, 1),
(26, 1),
(27, 1),
(28, 1),
(29, 1),
(30, 1),
(31, 1),
(32, 1),
(33, 1),
(34, 1),
(35, 1),
(36, 1),
(37, 1),
(38, 1),
(39, 1),
(40, 1),
(41, 1),
(42, 1),
(43, 1),
(44, 1),
(45, 1),
(46, 1),
(47, 1),
(48, 1),
(49, 1),
(50, 1),
(51, 1),
(42, 1),
(52, 1),
(53, 1),
(54, 1),
(6, 1),
(55, 1),
(56, 1),
(57, 1),
(58, 1),
(59, 1),
(60, 1),
(61, 1),
(62, 1),
(63, 1),
(64, 1),
(65, 1),
(66, 1),
(67, 1),
(68, 1),
(69, 1),
(70, 1),
(71, 1),
(72, 1),
(73, 1),
(74, 1),
(75, 1),
(76, 1),
(77, 1),
(78, 1),
(79, 1),
(80, 1),
(81, 1),
(82, 1),
(83, 1),
(84, 1),
(85, 1),
(86, 1),
(87, 1),
(88, 1),
(89, 1),
(90, 1),
(91, 1),
(92, 1),
(93, 2),
(94, 2),
(95, 2),
(96, 2),
(97, 2),
(98, 2),
(99, 2),
(100, 2),
(101, 2),
(102, 2),
(103, 2),
(104, 2),
(105, 2),
(106, 2),
(107, 2),
(108, 2),
(109, 2),
(110, 2),
(111, 2),
(112, 2),
(113, 2),
(114, 2),
(115, 2),
(116, 2),
(117, 3),
(118, 3),
(119, 3),
(120, 3),
(121, 3),
(122, 4),
(123, 4),
(124, 4),
(125, 4),
(126, 4),
(127, 4),
(128, 4),
(129, 4),
(130, 4),
(125, 4),
(131, 4),
(132, 4),
(133, 4),
(134, 4),
(135, 4),
(136, 4),
(137, 4),
(138, 4),
(139, 4),
(140, 4),
(141, 4),
(142, 4),
(143, 4),
(144, 4),
(145, 4),
(145, 4),
(146, 4),
(147, 4),
(148, 4),
(149, 4),
(150, 4),
(151, 4),
(152, 4),
(153, 4),
(154, 4),
(155, 4),
(156, 4),
(157, 5),
(158, 5),
(159, 5),
(160, 5),
(161, 5),
(162, 5),
(163, 5),
(164, 5),
(165, 5),
(166, 5),
(167, 5),
(168, 5),
(169, 5),
(170, 5),
(171, 5),
(172, 5),
(173, 5),
(174, 7),
(175, 7),
(176, 7),
(177, 7),
(178, 7),
(179, 6),
(180, 6),
(181, 6),
(182, 6),
(183, 6),
(184, 6),
(185, 6),
(186, 6),
(187, 6),
(188, 6),
(189, 6),
(190, 6),
(191, 6),
(192, 6),
(193, 6),
(194, 6),
(195, 6),
(196, 6),
(197, 6),
(198, 8),
(199, 8),
(200, 8),
(201, 8),
(202, 8),
(203, 8),
(204, 8),
(205, 8),
(206, 8),
(207, 8),
(208, 8),
(209, 8),
(210, 8),
(211, 8),
(212, 8),
(213, 8),
(214, 8),
(215, 8),
(216, 8),
(217, 8),
(218, 8),
(219, 8),
(220, 8),
(221, 8),
(222, 8),
(223, 8),
(224, 8),
(225, 8),
(226, 8),
(227, 8),
(228, 8),
(229, 8),
(230, 8),
(231, 8),
(232, 8),
(233, 8),
(234, 8),
(235, 8),
(236, 8),
(237, 8),
(238, 8),
(239, 8),
(240, 8),
(241, 8),
(242, 8),
(243, 8),
(244, 9),
(245, 9),
(246, 9),
(247, 9),
(118, 9),
(248, 9),
(249, 9),
(250, 9),
(251, 10),
(252, 10),
(253, 10),
(254, 10),
(255, 10),
(256, 10),
(257, 11),
(258, 11),
(253, 11),
(159, 11),
(259, 11),
(260, 11),
(253, 12),
(261, 12),
(259, 12),
(262, 12),
(263, 12),
(264, 12),
(265, 12),
(266, 12),
(267, 12),
(268, 12),
(269, 12),
(270, 12),
(271, 12),
(272, 12),
(273, 12),
(274, 12),
(275, 12),
(276, 12),
(277, 12),
(278, 12),
(279, 12),
(280, 12),
(281, 12),
(282, 12),
(283, 12),
(284, 12),
(285, 12),
(286, 12),
(287, 12),
(288, 12),
(289, 12),
(290, 12),
(291, 12),
(292, 12),
(285, 12),
(293, 12),
(294, 12),
(295, 12),
(296, 12),
(297, 12),
(298, 12),
(299, 12),
(300, 12),
(301, 12),
(302, 12),
(303, 13),
(304, 13),
(305, 13),
(93, 14),
(303, 14),
(306, 14),
(307, 14),
(308, 14),
(309, 14),
(310, 14),
(311, 14),
(59, 14),
(312, 14),
(313, 14),
(314, 14),
(315, 14),
(316, 14),
(317, 14),
(318, 14),
(319, 14),
(320, 14),
(321, 14),
(118, 14),
(322, 14),
(323, 14),
(54, 14),
(12, 14),
(6, 14),
(324, 14),
(7, 14),
(325, 14),
(11, 14),
(326, 14),
(327, 14),
(328, 14),
(248, 14),
(329, 14),
(330, 14),
(253, 14),
(331, 14),
(332, 14),
(333, 14),
(334, 14),
(335, 14),
(336, 14),
(337, 14),
(338, 14),
(339, 14),
(340, 14),
(341, 14),
(342, 14),
(343, 14),
(344, 14),
(345, 14),
(346, 14),
(347, 14),
(348, 14),
(349, 14),
(350, 14),
(351, 14),
(352, 14),
(353, 14),
(354, 14),
(355, 14),
(117, 14),
(356, 14),
(357, 14),
(358, 14),
(359, 14),
(360, 14),
(361, 14),
(362, 14),
(363, 14),
(364, 14),
(365, 14),
(366, 14),
(367, 14),
(368, 15),
(369, 15),
(370, 15),
(371, 15),
(372, 15),
(93, 15),
(335, 15),
(373, 15),
(59, 15),
(58, 15),
(374, 15),
(375, 15),
(376, 15),
(377, 15),
(266, 15),
(378, 15),
(379, 15),
(380, 15),
(381, 15),
(267, 15),
(120, 15),
(382, 15),
(383, 15),
(384, 15),
(385, 15),
(386, 15),
(387, 15),
(93, 16),
(388, 16),
(389, 16),
(58, 16),
(59, 16),
(378, 16),
(56, 16),
(390, 16),
(266, 16),
(391, 16),
(392, 16),
(393, 16),
(394, 17),
(251, 17),
(395, 17),
(375, 17),
(396, 17),
(317, 17),
(373, 17),
(251, 17),
(328, 17),
(253, 17),
(397, 17),
(334, 17),
(335, 17),
(398, 17),
(93, 17),
(399, 17),
(59, 17),
(400, 17),
(401, 17),
(402, 17),
(403, 17),
(404, 17),
(405, 17),
(406, 17),
(342, 17),
(407, 17),
(344, 17),
(408, 17),
(409, 18),
(410, 18),
(411, 18),
(412, 18),
(413, 18),
(414, 18),
(387, 18),
(415, 18),
(416, 18),
(417, 18),
(418, 18),
(419, 18),
(420, 18),
(421, 18),
(422, 18),
(423, 18),
(424, 18),
(93, 19),
(425, 19),
(303, 19),
(426, 19),
(427, 19),
(314, 19),
(428, 19),
(429, 19),
(430, 19),
(355, 19),
(404, 19),
(431, 20),
(432, 20),
(420, 21),
(433, 21),
(434, 21),
(435, 21),
(436, 21),
(437, 21),
(59, 21),
(93, 21),
(7, 21),
(438, 21),
(171, 21),
(253, 22),
(268, 22),
(159, 22),
(375, 22),
(264, 22),
(373, 22),
(439, 22),
(440, 22),
(441, 22),
(442, 23),
(443, 23),
(444, 23),
(445, 23),
(263, 24),
(159, 24),
(58, 24),
(261, 24),
(259, 24),
(266, 24),
(446, 24),
(406, 24),
(447, 24),
(448, 24),
(449, 24),
(450, 25),
(451, 25),
(452, 25),
(453, 25),
(454, 25),
(455, 26),
(435, 26),
(456, 26),
(376, 26),
(457, 26),
(59, 26),
(458, 26),
(459, 26),
(460, 27),
(461, 27),
(462, 27),
(463, 27),
(464, 27),
(465, 28),
(466, 28),
(467, 28),
(468, 29),
(469, 29),
(470, 29),
(471, 29),
(472, 29),
(473, 29),
(474, 29),
(475, 29),
(476, 29),
(477, 29),
(478, 29),
(479, 29),
(480, 29),
(481, 29),
(482, 29),
(483, 29),
(484, 29),
(485, 29),
(486, 29),
(487, 29),
(488, 29),
(489, 29),
(482, 29),
(490, 29),
(491, 29),
(492, 29),
(493, 29),
(494, 29),
(495, 29),
(496, 29),
(497, 29),
(498, 29),
(499, 29),
(500, 29),
(501, 29),
(477, 29),
(502, 29),
(489, 29),
(503, 29),
(504, 29),
(492, 29),
(505, 29),
(496, 29),
(506, 29),
(507, 29),
(508, 29),
(425, 30),
(509, 30),
(510, 30),
(511, 30),
(512, 30),
(513, 30),
(514, 30),
(515, 30),
(516, 30),
(517, 30),
(518, 30),
(519, 30),
(520, 30),
(521, 30),
(522, 30),
(523, 30),
(524, 30),
(525, 30),
(526, 30),
(527, 30),
(528, 30),
(529, 30),
(530, 30),
(531, 30),
(532, 30),
(533, 30),
(534, 30),
(535, 30),
(536, 30),
(537, 30),
(538, 30),
(518, 30),
(539, 30),
(540, 30),
(541, 30),
(542, 30),
(543, 30),
(522, 30),
(544, 30),
(545, 30),
(546, 30),
(529, 30),
(547, 30),
(548, 30),
(549, 30),
(550, 30),
(551, 30),
(59, 31),
(552, 31),
(314, 31),
(553, 31),
(554, 31),
(555, 31),
(556, 31),
(557, 31),
(558, 31),
(559, 31),
(560, 31),
(561, 31),
(314, 31),
(562, 31),
(563, 31),
(564, 31),
(565, 31),
(566, 31),
(567, 31),
(568, 31),
(569, 31),
(570, 31),
(571, 31),
(572, 31),
(573, 31),
(574, 31),
(575, 31),
(576, 31),
(343, 31),
(577, 31),
(578, 31),
(579, 31),
(396, 32),
(580, 32),
(581, 32),
(582, 32),
(583, 32),
(584, 32),
(585, 32),
(586, 32),
(587, 32),
(588, 32),
(589, 32),
(590, 32),
(591, 32),
(396, 32),
(582, 32),
(583, 32),
(584, 32),
(585, 32),
(592, 32),
(593, 32),
(594, 32),
(595, 32),
(589, 32),
(596, 32),
(597, 32),
(598, 32),
(599, 32),
(600, 32),
(601, 32),
(602, 32),
(603, 32),
(604, 32),
(605, 32),
(606, 32),
(607, 32),
(608, 32),
(609, 32),
(610, 32),
(611, 33),
(612, 33),
(613, 33),
(432, 33),
(399, 33),
(614, 33),
(405, 33),
(615, 33),
(616, 33),
(617, 33),
(618, 33),
(619, 33),
(620, 33),
(621, 33),
(622, 33),
(623, 33),
(624, 33),
(625, 33),
(626, 33),
(627, 33),
(628, 33),
(629, 33),
(195, 34),
(630, 34),
(631, 34),
(632, 34),
(633, 34),
(634, 34),
(635, 34),
(636, 34),
(637, 34),
(638, 34),
(639, 34),
(640, 34),
(641, 34),
(642, 34),
(643, 34),
(644, 34),
(645, 34),
(646, 34),
(647, 34),
(648, 34),
(649, 34),
(650, 34),
(651, 34),
(652, 34),
(653, 34),
(654, 34),
(93, 35),
(655, 35),
(656, 35),
(657, 35),
(658, 35),
(659, 35),
(660, 35),
(661, 35),
(662, 35),
(663, 35),
(664, 35),
(665, 35),
(666, 35),
(667, 35),
(668, 35),
(344, 35),
(669, 35),
(670, 35),
(671, 35),
(672, 35),
(658, 35),
(673, 35),
(674, 35),
(675, 35),
(676, 35),
(371, 35),
(677, 35),
(661, 35),
(678, 35),
(663, 35),
(662, 35),
(679, 35),
(680, 35),
(681, 35),
(682, 35),
(683, 35),
(684, 35),
(685, 35),
(686, 35),
(375, 36),
(373, 36),
(687, 36),
(688, 36),
(689, 36),
(637, 36),
(690, 36),
(691, 36),
(636, 36),
(692, 36),
(693, 36),
(694, 36),
(375, 36),
(373, 36),
(695, 36),
(696, 36),
(697, 36),
(698, 36),
(699, 37),
(700, 37),
(701, 37),
(702, 37),
(703, 37),
(704, 37),
(404, 37),
(705, 37),
(706, 37),
(707, 37),
(708, 37),
(709, 37),
(710, 37),
(711, 37),
(712, 37),
(713, 37),
(714, 37),
(715, 37),
(716, 37),
(713, 37),
(717, 37),
(718, 37),
(719, 37),
(720, 37),
(721, 37),
(722, 37),
(723, 37),
(724, 37),
(725, 37),
(726, 37),
(727, 37),
(728, 37),
(729, 37),
(730, 37),
(731, 37),
(732, 37),
(733, 37),
(734, 37),
(735, 37),
(736, 37),
(737, 37),
(738, 37),
(739, 37),
(740, 37),
(741, 37),
(742, 37),
(743, 37),
(744, 37),
(745, 37),
(746, 37),
(747, 37),
(748, 37),
(749, 37),
(750, 37),
(751, 37),
(752, 37),
(12, 38),
(323, 38),
(753, 38),
(6, 38),
(754, 38),
(7, 38),
(755, 38),
(324, 38),
(756, 38),
(757, 38),
(11, 38),
(758, 38),
(759, 38),
(760, 38),
(761, 38),
(762, 38),
(763, 38),
(764, 38),
(765, 38),
(766, 38),
(767, 38),
(768, 38),
(769, 38),
(54, 38),
(770, 38),
(771, 38),
(772, 38),
(773, 38),
(574, 38),
(774, 38),
(578, 38),
(775, 38),
(776, 38),
(777, 38),
(778, 38),
(779, 38),
(759, 38),
(765, 38),
(780, 38),
(781, 38),
(766, 38),
(321, 38),
(782, 38),
(783, 38),
(784, 38),
(785, 38),
(786, 38),
(772, 38),
(787, 38),
(788, 38),
(578, 38),
(789, 38),
(775, 38),
(777, 38),
(790, 38),
(778, 38),
(791, 38),
(253, 39),
(159, 39),
(391, 39),
(261, 39),
(259, 39),
(792, 39),
(263, 39),
(793, 39),
(794, 39),
(795, 39),
(796, 39),
(797, 39),
(798, 39),
(799, 40),
(800, 40),
(801, 40),
(802, 40),
(803, 40),
(804, 40),
(805, 40),
(806, 40),
(807, 40),
(808, 40),
(809, 40),
(810, 40),
(811, 40),
(812, 40),
(813, 40),
(814, 40),
(815, 40),
(816, 40),
(812, 40),
(817, 40),
(818, 40),
(819, 40),
(820, 40),
(821, 40),
(804, 40),
(822, 40),
(823, 40),
(824, 40),
(825, 40),
(826, 40),
(827, 40),
(808, 40),
(828, 40),
(829, 40),
(830, 40),
(266, 41),
(831, 41),
(446, 41),
(832, 41),
(833, 41),
(834, 41),
(835, 41),
(836, 41),
(837, 41),
(838, 41),
(839, 41),
(840, 41),
(841, 41),
(842, 41),
(843, 41),
(844, 41),
(845, 41),
(846, 41),
(847, 41),
(848, 41),
(849, 41),
(850, 41),
(851, 41),
(59, 42),
(435, 42),
(376, 42),
(378, 42),
(852, 42),
(853, 42),
(420, 42),
(437, 42),
(854, 42),
(56, 42),
(855, 42),
(856, 42),
(857, 42),
(858, 42),
(859, 42),
(860, 42),
(861, 42),
(862, 42),
(863, 42),
(864, 42),
(865, 42),
(323, 42),
(866, 42),
(867, 42),
(868, 42),
(869, 42),
(870, 42),
(871, 42),
(425, 42),
(872, 42),
(873, 42),
(874, 42),
(867, 42),
(875, 42),
(876, 42),
(877, 42),
(878, 42),
(379, 42),
(879, 42),
(880, 42),
(881, 42),
(882, 42),
(883, 42),
(93, 42),
(884, 42),
(885, 42),
(881, 42),
(886, 42),
(887, 42),
(888, 42),
(889, 42),
(386, 42),
(890, 42),
(891, 42),
(892, 42),
(893, 42),
(894, 42),
(895, 42),
(896, 42),
(897, 42),
(898, 42),
(899, 42),
(900, 42),
(901, 42),
(902, 42),
(903, 42),
(904, 42),
(905, 42),
(906, 42),
(907, 42),
(908, 42),
(909, 42),
(910, 42),
(911, 42),
(392, 42),
(912, 42),
(913, 42),
(7, 42),
(914, 42),
(915, 42),
(916, 42),
(917, 42),
(918, 42),
(919, 42),
(323, 42),
(920, 42),
(6, 42),
(324, 42),
(7, 42),
(921, 42),
(854, 42),
(259, 42),
(266, 42),
(922, 42),
(923, 42),
(924, 42),
(925, 43),
(926, 43),
(927, 43),
(928, 43),
(929, 43),
(930, 43),
(931, 43),
(932, 43),
(933, 43),
(934, 43),
(935, 43),
(936, 43),
(937, 43),
(938, 44),
(324, 44),
(11, 44),
(435, 44),
(939, 44),
(121, 44),
(940, 44),
(941, 44),
(942, 44),
(943, 44),
(944, 44),
(945, 44),
(946, 44),
(384, 44),
(947, 44),
(948, 44),
(949, 44),
(950, 44),
(951, 44),
(952, 44),
(953, 44),
(954, 44),
(955, 44),
(956, 44),
(957, 44),
(958, 44),
(959, 44),
(960, 44),
(122, 44),
(961, 44),
(962, 44),
(963, 44),
(964, 44),
(965, 44),
(966, 44),
(967, 44),
(968, 44),
(969, 44),
(970, 44),
(971, 44),
(972, 44),
(973, 44),
(974, 44),
(975, 44),
(976, 44),
(977, 44),
(978, 44),
(979, 44),
(980, 44),
(981, 45),
(982, 45),
(983, 45),
(984, 45),
(389, 45),
(985, 45),
(986, 45),
(987, 45),
(988, 45),
(989, 45),
(990, 45),
(991, 45),
(992, 45),
(993, 45),
(994, 45),
(54, 45),
(324, 45),
(995, 45),
(874, 45),
(996, 45),
(997, 45),
(998, 45),
(420, 45),
(999, 45),
(387, 45),
(1000, 45),
(1001, 45),
(118, 45),
(267, 45),
(318, 45),
(329, 45),
(1002, 45),
(944, 45),
(318, 45),
(267, 45),
(1003, 45),
(1004, 45),
(1005, 45),
(1006, 45),
(1007, 45),
(1008, 45),
(1009, 45),
(1010, 45),
(1011, 45),
(171, 45),
(939, 45),
(1012, 45),
(1013, 45),
(1014, 45),
(159, 45),
(1015, 45),
(446, 45),
(461, 45),
(261, 45),
(1016, 45),
(446, 45),
(1017, 45),
(874, 45),
(1018, 45),
(1019, 45),
(990, 45),
(1020, 45),
(1021, 45),
(900, 45),
(1022, 45),
(1023, 45),
(1024, 45),
(425, 45),
(267, 46),
(1025, 46),
(1026, 46),
(1027, 46),
(1028, 46),
(264, 46),
(103, 46),
(1029, 46),
(869, 46),
(93, 47),
(303, 47),
(430, 47),
(1030, 47),
(701, 47),
(1031, 47),
(59, 47),
(428, 47),
(314, 47),
(563, 47),
(1032, 47),
(1033, 47),
(344, 47),
(244, 48),
(245, 48),
(246, 48),
(247, 48),
(118, 48),
(248, 48),
(249, 48),
(250, 48),
(93, 49),
(1034, 49),
(424, 49),
(1035, 49),
(1036, 49),
(1037, 49),
(1038, 49),
(1039, 49),
(1040, 49),
(1041, 49),
(1042, 49),
(1043, 49),
(1044, 49),
(1045, 49),
(1046, 49),
(1047, 49),
(1048, 49),
(1049, 49),
(1050, 50),
(1051, 50),
(1052, 50),
(1053, 50),
(1054, 50),
(1055, 50),
(1056, 50),
(1057, 50),
(1058, 50),
(1059, 50),
(1060, 50),
(554, 51),
(552, 51),
(1061, 51),
(1062, 51),
(1063, 51),
(1064, 51),
(1065, 51),
(59, 51),
(1066, 51),
(1067, 51),
(1068, 51),
(1069, 51),
(1070, 51),
(876, 51),
(388, 51),
(1071, 51),
(379, 51),
(377, 51),
(1072, 51),
(1010, 51),
(93, 51),
(1073, 51),
(399, 51),
(344, 51),
(1074, 51),
(611, 51),
(1075, 51),
(1076, 51),
(703, 51),
(705, 51),
(1077, 51),
(1078, 51),
(469, 51),
(321, 51),
(404, 51),
(1079, 51),
(1080, 51),
(7, 51),
(324, 51),
(1081, 51),
(1082, 51),
(1083, 51),
(317, 51),
(320, 51),
(253, 51),
(397, 51),
(334, 51),
(335, 51),
(1084, 51),
(1085, 51),
(1086, 51),
(1087, 51),
(315, 51),
(342, 51),
(341, 51),
(425, 51),
(1088, 51),
(1089, 51),
(509, 51),
(468, 51),
(195, 51),
(1090, 51),
(1091, 51),
(1092, 51),
(1093, 51),
(1094, 51),
(1095, 51),
(1096, 51),
(1097, 51),
(371, 51),
(662, 51),
(679, 51),
(1098, 51),
(676, 51),
(1099, 51),
(1100, 51),
(1101, 51),
(557, 51),
(560, 51),
(1102, 51),
(1103, 51),
(1104, 51),
(1105, 51),
(1106, 51),
(1107, 51),
(1108, 51),
(1109, 51),
(1110, 51),
(1111, 51),
(1112, 51),
(1113, 51),
(1114, 51),
(1115, 51),
(1116, 51),
(1117, 51),
(1118, 51),
(1119, 51),
(1120, 51),
(1121, 51),
(1122, 51),
(1123, 51),
(1124, 51),
(1125, 51),
(462, 52),
(1126, 52),
(58, 52),
(59, 52),
(93, 52),
(1127, 52),
(322, 52),
(1128, 52),
(1129, 52),
(386, 52),
(425, 52),
(266, 52),
(267, 52),
(1130, 52),
(455, 53),
(435, 53),
(456, 53),
(376, 53),
(457, 53),
(59, 53),
(458, 53),
(459, 53),
(93, 54),
(303, 54),
(479, 54),
(399, 54),
(1131, 54),
(1132, 54),
(59, 54),
(428, 54),
(426, 54),
(317, 54),
(324, 54),
(7, 54),
(268, 54),
(253, 54),
(334, 54),
(1133, 54),
(1134, 54),
(1135, 54),
(342, 54),
(1136, 54),
(344, 54),
(425, 55),
(1137, 55),
(1138, 55),
(1139, 55),
(388, 55),
(1140, 55),
(379, 55),
(377, 55),
(1141, 55),
(1142, 55),
(1143, 55),
(1144, 55),
(1145, 55),
(1035, 55),
(267, 55),
(1146, 55),
(1147, 55),
(1009, 55),
(110, 55),
(1027, 55),
(59, 55),
(58, 55),
(376, 55),
(378, 55),
(420, 55),
(1148, 55),
(1149, 55),
(93, 55),
(1012, 55),
(171, 55),
(1150, 55),
(1151, 55),
(1152, 55),
(159, 55),
(261, 55),
(259, 55),
(263, 55),
(253, 55),
(335, 55),
(264, 55),
(1153, 55),
(1154, 55),
(1155, 55),
(831, 55),
(266, 55),
(446, 55),
(1156, 55),
(1157, 55),
(1158, 55),
(1159, 55),
(1160, 55),
(1161, 55),
(1162, 55),
(1163, 55),
(1164, 55),
(1165, 55),
(1160, 55),
(907, 55),
(1166, 55),
(387, 55),
(1167, 55),
(1168, 55),
(253, 56),
(375, 56),
(159, 56),
(261, 56),
(114, 56),
(1169, 56),
(1170, 56),
(1171, 56),
(420, 56),
(120, 56),
(58, 56),
(869, 56),
(412, 56),
(755, 56),
(1172, 56),
(920, 56),
(7, 56),
(324, 56),
(1173, 56),
(1174, 56),
(990, 56),
(1175, 56),
(1176, 56),
(469, 57),
(387, 57),
(1177, 57),
(1167, 57),
(425, 57),
(1178, 57),
(1179, 57),
(1180, 57),
(1181, 57),
(1182, 57),
(1183, 57),
(1184, 57),
(988, 57),
(410, 57),
(118, 57),
(1185, 57),
(317, 57),
(1186, 57),
(1153, 57),
(462, 57),
(314, 57),
(7, 57),
(1019, 57),
(1187, 57),
(1188, 57),
(1189, 57),
(405, 57),
(93, 57),
(1190, 57),
(388, 57),
(1191, 58),
(325, 58),
(1192, 58),
(1193, 58),
(1194, 58),
(1195, 58),
(1196, 58),
(1197, 58),
(59, 58),
(58, 58),
(1035, 58),
(1002, 58),
(424, 58),
(1198, 58),
(248, 58),
(329, 58),
(1199, 58),
(1141, 58),
(388, 58),
(267, 58),
(1200, 58),
(1201, 58),
(379, 58),
(1202, 58),
(382, 58),
(1203, 58),
(377, 58),
(120, 58),
(93, 58),
(1204, 58),
(1205, 58),
(1206, 58),
(1207, 58),
(1208, 58),
(1209, 58),
(1210, 58),
(324, 58),
(1211, 58),
(783, 58),
(756, 58),
(1212, 58),
(1213, 58),
(1214, 58),
(1215, 58),
(1216, 58),
(1217, 58),
(1218, 58),
(1219, 58),
(1220, 58),
(1221, 58),
(1222, 58),
(1223, 58),
(1224, 58),
(1225, 58),
(1226, 58),
(1227, 58),
(1065, 59),
(1228, 59),
(1229, 59),
(1080, 59),
(1230, 59),
(1231, 59),
(1232, 59),
(1233, 59),
(1234, 59),
(1235, 59),
(1236, 59),
(1237, 59),
(1238, 60),
(323, 60),
(1239, 60),
(873, 60),
(874, 60),
(409, 60),
(1240, 60),
(983, 60),
(1241, 60),
(1242, 60),
(1243, 60),
(383, 60),
(424, 60),
(944, 60),
(159, 60),
(118, 60),
(446, 60),
(1244, 60),
(1245, 60),
(1246, 60),
(1247, 60),
(1248, 60),
(1249, 60),
(1250, 60),
(459, 60),
(378, 60),
(1251, 60),
(1252, 60),
(1253, 60),
(1254, 60),
(1255, 60),
(58, 60),
(908, 60),
(1256, 60),
(1257, 60),
(211, 60),
(1258, 60),
(1259, 60),
(1260, 60),
(1261, 60),
(1262, 60),
(1263, 61),
(1264, 61),
(1265, 61),
(430, 61),
(1266, 61),
(510, 61),
(1267, 61),
(426, 61),
(1268, 61),
(1269, 61),
(317, 61),
(1270, 61),
(1271, 61),
(1272, 61),
(334, 61),
(1273, 61),
(344, 61),
(1274, 61),
(553, 61),
(1275, 61),
(612, 61),
(392, 61),
(1080, 61),
(425, 62),
(756, 62),
(7, 62),
(993, 62),
(1276, 62),
(324, 62),
(12, 62),
(1277, 62),
(424, 62),
(120, 62),
(382, 62),
(1202, 62),
(461, 62),
(1278, 62),
(377, 62),
(1279, 62),
(552, 62),
(59, 62),
(1065, 62),
(420, 62),
(93, 62),
(1012, 62),
(1280, 62),
(159, 62),
(259, 62),
(261, 62),
(253, 62),
(1281, 62),
(993, 63),
(869, 63),
(425, 63),
(412, 63),
(58, 63),
(420, 63),
(1255, 63),
(120, 63),
(424, 63),
(1282, 63),
(1009, 63),
(1283, 64),
(1284, 64),
(1285, 64),
(1286, 64),
(1287, 64),
(1288, 64),
(93, 64),
(58, 64),
(159, 64),
(460, 64),
(120, 64),
(264, 64),
(263, 64),
(1289, 64),
(1290, 65),
(1291, 65),
(1292, 65),
(1293, 65),
(1294, 65),
(1295, 65),
(1296, 65),
(1297, 65),
(1298, 65),
(1219, 65),
(1299, 65),
(1300, 65),
(1301, 65),
(1302, 65),
(1303, 65),
(1304, 65),
(1305, 65),
(1306, 65),
(1307, 65),
(1308, 65),
(1309, 65),
(1310, 65),
(1311, 65),
(1312, 65),
(1313, 65),
(1314, 65),
(1315, 65),
(1316, 65),
(1317, 65),
(1318, 65),
(1319, 65),
(1320, 65),
(1321, 65),
(1322, 65),
(1323, 65),
(53, 65),
(12, 65),
(1324, 65),
(920, 65),
(6, 65),
(1325, 65),
(1326, 65),
(783, 65),
(324, 65),
(756, 65),
(1327, 65),
(757, 65),
(1328, 65),
(11, 65),
(1329, 65),
(1330, 65),
(1331, 65),
(435, 65),
(1332, 65),
(376, 65),
(1333, 65),
(1334, 65),
(1335, 65),
(1212, 65),
(1336, 65),
(1337, 65),
(1338, 65),
(1004, 65),
(1339, 65),
(263, 65),
(1340, 65),
(1341, 65),
(1342, 65),
(1343, 65),
(1344, 65),
(57, 65),
(1345, 65),
(1346, 66),
(327, 66),
(329, 66),
(1161, 66),
(1278, 66),
(944, 66),
(1293, 66),
(890, 66),
(1347, 66),
(1327, 66),
(1348, 66),
(1324, 66),
(1349, 66),
(409, 66),
(1350, 66),
(1300, 66),
(317, 66),
(159, 66),
(261, 66),
(792, 66),
(986, 66),
(874, 66),
(1351, 66),
(869, 66),
(1352, 66),
(866, 66),
(1353, 66),
(1354, 66),
(1156, 67),
(1355, 67),
(1356, 67),
(1357, 67),
(1358, 67),
(1359, 67),
(1360, 67),
(1361, 67),
(1362, 67),
(1363, 67),
(1364, 67),
(509, 67),
(1365, 67),
(317, 67),
(1366, 67),
(1367, 67),
(1368, 67),
(1369, 67),
(1370, 67),
(1321, 67),
(1371, 67),
(1372, 67),
(1373, 67),
(1374, 67),
(1375, 67),
(1376, 67),
(1377, 67),
(1219, 67),
(1378, 67),
(1079, 67),
(1379, 67),
(1380, 67),
(1381, 67),
(59, 67),
(1035, 67),
(792, 67),
(120, 67),
(1382, 67),
(58, 67),
(1383, 67),
(93, 67),
(425, 67),
(375, 67),
(373, 67),
(325, 67),
(12, 67),
(6, 67),
(920, 67),
(323, 67),
(7, 67),
(324, 67),
(1384, 67),
(1385, 67),
(1386, 67),
(874, 67),
(1387, 67),
(1388, 67),
(376, 67),
(378, 67),
(1389, 67),
(1390, 67),
(889, 67),
(1391, 67),
(1392, 67),
(1393, 67),
(420, 67),
(159, 67),
(318, 67),
(1394, 67),
(1395, 67),
(1212, 67),
(118, 67),
(264, 67),
(261, 67),
(248, 67),
(259, 67),
(388, 67),
(1396, 67),
(266, 67),
(267, 67),
(756, 63),
(7, 63),
(382, 63),
(1279, 63),
(93, 63),
(378, 63),
(377, 63),
(461, 63),
(1280, 63),
(1012, 63),
(59, 63),
(261, 63),
(259, 63),
(159, 63),
(324, 63),
(1281, 63),
(253, 63),
(12, 63),
(1277, 63),
(1276, 63);

-- --------------------------------------------------------

--
-- Estructura de tabla para la tabla `favoritas`
--

CREATE TABLE `favoritas` (
  `id_usuario` int(11) NOT NULL,
  `id_universidad` int(11) NOT NULL
) ENGINE=InnoDB DEFAULT CHARSET=utf8mb4;

--
-- Volcado de datos para la tabla `favoritas`
--

INSERT INTO `favoritas` (`id_usuario`, `id_universidad`) VALUES
(2, 63);

-- --------------------------------------------------------

--
-- Estructura de tabla para la tabla `solicitudes`
--

CREATE TABLE `solicitudes` (
  `id_usuario` int(11) NOT NULL,
  `id_universidad` int(11) NOT NULL,
  `solicitud` varchar(255) NOT NULL,
  `estado` enum('aceptada','rechazada','pendiente','senguda instancia') NOT NULL
) ENGINE=InnoDB DEFAULT CHARSET=utf8mb4;

--
-- Volcado de datos para la tabla `solicitudes`
--

INSERT INTO `solicitudes` (`id_usuario`, `id_universidad`, `solicitud`, `estado`) VALUES
(2, 63, 'ajam', 'pendiente'),
(2, 63, 'ajam', 'pendiente');

-- --------------------------------------------------------

--
-- Estructura de tabla para la tabla `tickets`
--

CREATE TABLE `tickets` (
  `id_usuario` int(11) NOT NULL,
  `id_universidad` int(11) NOT NULL,
  `estado` enum('pendiente','aceptado','rechazado') DEFAULT NULL
) ENGINE=InnoDB DEFAULT CHARSET=utf8mb4;

--
-- Volcado de datos para la tabla `tickets`
--

INSERT INTO `tickets` (`id_usuario`, `id_universidad`, `estado`) VALUES
(2, 63, 'pendiente'),
(2, 63, 'pendiente'),
(2, 63, 'pendiente'),
(2, 63, 'pendiente'),
(2, 63, 'pendiente');

-- --------------------------------------------------------

--
-- Estructura de tabla para la tabla `universidades`
--

CREATE TABLE `universidades` (
  `id_universidad` int(11) NOT NULL,
  `nombre_universidad` varchar(255) NOT NULL,
  `direccion_universidad` varchar(255) NOT NULL,
  `maps_universidad` varchar(255) NOT NULL,
  `localidad_universidad` varchar(255) NOT NULL,
  `web_universidad` varchar(255) NOT NULL,
  `gestion_universidad` varchar(255) NOT NULL,
  `zona_universidad` varchar(255) NOT NULL,
  `correo_universidad` varchar(255) DEFAULT NULL,
  `point` point NOT NULL,
  `acronimo` varchar(10) DEFAULT NULL
) ENGINE=InnoDB DEFAULT CHARSET=utf8mb4;

--
-- Volcado de datos para la tabla `universidades`
--

INSERT INTO `universidades` (`id_universidad`, `nombre_universidad`, `direccion_universidad`, `maps_universidad`, `localidad_universidad`, `web_universidad`, `gestion_universidad`, `zona_universidad`, `correo_universidad`, `point`, `acronimo`) VALUES
(1, 'Universidad Nacional de La Defensa', 'Maipu 262', 'https://goo.gl/maps/QWR84PeaJ9zBuh3t6', 'Monserrat', 'https://www.undef.edu.ar', 'Publica', 'Capital Federal', 'comunicacion@undef.edu.ar', 0x000000000101000000d0d1aa96744d41c04436902e36304dc0, 'UNDEF'),
(2, 'Instituto Universitario de la Policia Federal Argentina', 'Rosario 532', 'https://goo.gl/maps/2CRgJJw2zZQUsPdEA', 'Caballito', 'https://www.iupfa.edu.ar', 'Publica', 'Capital Federal', 'academica@iupfa.edu.ar', 0x000000000101000000b387ac24684f41c03a933655f7394dc0, 'IUPFA'),
(3, 'Instituto Universitario Nacional de Derechos Humanos Madres de Plaza Mayo', 'Defensa 119', 'https://goo.gl/maps/WVBLWMrJ9tCS7ixw6', 'Monserrat', 'http://www.iunma.edu.ar', 'Publica', 'Capital Federal', 'mesadeentradasiunma@gmail.com', 0x000000000101000000e30632f1fd4d41c0ca9c7818a42f4dc0, 'IUNMA'),
(4, 'Facultad Latinoamericana de Ciencias Sociales', 'Tucuman 1966', 'https://goo.gl/maps/3NK1RTNh5irT3CY6A', 'Balvanera', 'https://www.flacso.org.ar', 'Publica', 'Capital Federal', 'comunicacion@flacso.edu.ar', 0x000000000101000000de6f592a144d41c01aa54bff92324dc0, 'FLACSO'),
(5, 'Instituto de Enseñanza Superior del Ejercito', 'Av. Cabildo 65', 'https://goo.gl/maps/HC6dMtgvZH4ihcBK7', 'Palermo', 'https://fe.undef.edu.ar', 'Publica', 'Capital Federal', 'informes@fe.undef.edu.ar', 0x000000000101000000b55d57827b4941c0b3953c43dd374dc0, 'IESE'),
(6, 'Instituto Universitario Naval', 'Av. Antartida Argentina 425', 'https://goo.gl/maps/e2aZhEeScAA34SE49', 'Puerto Madero', 'https://www.universidades.com.ar/instituto-universitario-naval', 'Publica', 'Capital Federal', 'comunicacion@iun.edu.ar', 0x000000000101000000a0d7440b754c41c0a3f7d73c582f4dc0, 'INUN'),
(7, 'Instituto Universitario de Gendarmeria Nacional', 'Av. Paseo Colon 533', 'https://goo.gl/maps/5dF4rz7Mgykt46cM9', 'Monserrat', 'https://www.iugna.edu.ar', 'Publica', 'Capital Federal', 'info@iugna.edu.ar', 0x00000000010100000031ae5d7fb74e41c0c977842e3c314dc0, 'IUGNA'),
(8, 'Universidad Nacional de Las Artes', 'Azcuenaga 1129', 'https://goo.gl/maps/ru5yiaZaGxrMMxAA6', 'Barrio Norte, Recoleta', 'https://una.edu.ar', 'Publica', 'Capital Federal', 'comunicacion@una.edu.ar', 0x0000000001010000003b9803f3464b41c0b4b002d770334dc0, 'UNA'),
(9, 'Universidad Pedagogica Nacional', 'Piedras 1080', 'https://goo.gl/maps/irD3RWVMaU6vdNbC7', 'San Telmo', 'https://unipe.edu.ar', 'Publica', 'Capital Federal', 'informes@unipe.edu.ar', 0x000000000101000000c883882f6e4f41c0f960be6147304dc0, 'UNIPE'),
(10, 'Fundación Barceló - Instituto Universitario Ciencias de la Salud ', 'Av. Gral. Las Heras 1907', 'https://goo.gl/maps/KMEXhq34QLwAjfC66', 'Recoleta', 'https://www.barcelo.edu.ar', 'Publica', 'Capital Federal', 'informes@barcelo.edu.ar', 0x000000000101000000399f950f9c4b41c070777bb548324dc0, 'Barceló'),
(11, 'Instituto Universitario CEMIC', 'Valdenegro 4337', 'https://goo.gl/maps/Fzp3W61Pc4KuBvd48', 'Saavedra', 'https://www.cemic.edu.ar/instituto-universitario.php', 'Publica', 'Capital Federal', 'decanato@iuc.edu.ar', 0x000000000101000000117f5e02014741c0ed90ac0d5f3f4dc0, 'CEMIC'),
(12, 'Universidad Favaloro', 'Av. Entre R?os 495', 'https://goo.gl/maps/Preo4CpTj3KAg2CXA', 'Monserrat', 'https://www.favaloro.edu.ar', 'Privada', 'Capital Federal', 'informes@favaloro.edu.ar', 0x0000000001010000009f48e647b24e41c003eed4b727324dc0, 'Favaloro'),
(13, 'Instituto Universitario ESEADE', 'Uriarte 2472', 'https://goo.gl/maps/x4Dpb8xvM9kZBXry5', 'Palermo', 'https://www.eseade.edu.ar', 'Privada', 'Capital Federal', 'info@eseade.edu.ar', 0x000000000101000000c5ef5cce5b4a41c06d9857642a364dc0, 'ESEADE'),
(14, 'Universidad Catolica Argentina', 'Av. Alicia Moreau de Justo 1400', 'https://goo.gl/maps/DhoPdoaLgJkePUAM9', 'Puerto Madero', 'https://uca.edu.ar/es/home', 'Privada', 'Capital Federal', 'comunicacion@uca.edu.ar', 0x000000000101000000733e86d8aa4e41c0922eec1ffa2e4dc0, 'UCA'),
(15, 'Universidad John F. Kennedy', 'Parral 221', 'https://goo.gl/maps/gbWiUaf6BSXkMGYo7', 'Parque Centenario', 'https://www.kennedy.edu.ar', 'Privada', 'Capital Federal', 'alumnos@kennedy.edu.ar', 0x000000000101000000162de521f84e41c08d2d5ff29a384dc0, 'Kennedy'),
(16, 'Universidad del Museo Social Argentino', 'Av. Corrientes 1723', 'https://goo.gl/maps/CscRhbEdpWXTrC2s8', 'Monserrat', 'https://www.umsa.edu.ar', 'Privada', 'Capital Federal', 'informes@umsa.edu.ar', 0x00000000010100000078352f3d504d41c0bf08bf7916324dc0, 'UMSA'),
(17, 'Universidad Maimonides', 'Hidalgo 775', 'https://goo.gl/maps/wpPfM3AcmiqiEXGTA', 'Caballito', 'https://www.maimonides.edu', 'Privada', 'Capital Federal', 'informes@maimonides.edu', 0x00000000010100000012240049224e41c03ef3284b63384dc0, 'UMAI'),
(18, 'Universidad Metropolitana para la Educación y el Trabajo', 'Sarmiento 2037', 'https://goo.gl/maps/RoXyk1WM4UoYMo2A7', 'Balvanera', 'https://umet.edu.ar', 'Privada', 'Capital Federal', 'info@umet.edu.ar', 0x000000000101000000ace46377814d41c0a81dfe9aac324dc0, 'UMET'),
(19, 'Universidad Torcuato Di Tella', 'Av. Pres. Figueroa Alcorta 7350', 'https://goo.gl/maps/n39ycYATHuftfjEt9', 'Nunez', 'https://www.utdt.edu', 'Privada', 'Capital Federal', 'informes@utdt.edu.ar', 0x000000000101000000fd440a0a284641c02cc13d2a59394dc0, 'UTDT'),
(20, 'Universidad del Cine', 'Dr. Jose Modesto Giuffra 330', 'https://goo.gl/maps/UBJja4abgCqauNRL9', 'San Telmo', 'https://ucine.edu.ar', 'Privada', 'Capital Federal', 'info@ucine.edu.ar', 0x0000000001010000004edd4bd0154f41c059599187742f4dc0, 'UCINE'),
(21, 'Universidad del CEMA', 'Av. Cordoba 374', 'https://goo.gl/maps/b57iRDQhUuoAYkvv9', 'Monserrat', 'https://ucema.edu.ar', 'Privada', 'Capital Federal', 'comunicacion@ucema.edu.ar', 0x0000000001010000006435a7dc8e4c41c0604436ebe7304dc0, 'UCEMA'),
(22, 'Instituto Universitario del Hospital Italiano', 'Potosi 4234', 'https://goo.gl/maps/64Waxfe385CX5wPz9', 'Almagro', 'https://instituto.hospitalitaliano.edu.ar', 'Privada', 'Capital Federal', 'instituto.universitario@hospitalitaliano.org.ar', 0x00000000010100000092dfec20c04d41c0d800b6cd9e364dc0, 'UHUIBA'),
(23, 'Instituto Universitario de Salud Mental', 'Maure 1850', 'https://goo.gl/maps/UxDRazPs41rYg3CF9', 'Palermo', 'https://www.iusam.edu.ar/', 'Privada', 'Capital Federal', 'investigacion@iusam.edu.ar', 0x000000000101000000d1d3dbfa444941c0d847a7ae7c384dc0, 'IUSAM'),
(24, 'Universidad ISALUD', 'Venezuela 931', 'https://goo.gl/maps/rfco4qHBGJPxEXLX9', 'Monserrat', 'https://www.isalud.edu.ar/inicio', 'Privada', 'Capital Federal', 'informes@isalud.edu.ar', 0x0000000001010000005af2785a7e4e41c025c33b0a21314dc0, 'ISALUD'),
(25, 'Instituto Universitario IDEA', 'Viamonte 570', 'https://goo.gl/maps/oQxroMx4VNx738xT6', 'Monserrat', 'https://www.idea.org.ar/', 'Privada', 'Capital Federal', 'info@idea.org.ar', 0x00000000010100000091966f229f4c41c09be8f35146314dc0, 'IDEA'),
(26, 'Escuela Argentina de Negocios, CABA', 'Av. Cordoba 1690', 'https://goo.gl/maps/J5a2TYJq4sqoHBnF7', 'Monserrat', 'https://front.ean.edu.ar/', 'Privada', 'Capital Federal', 'informes@ean.edu.ar', 0x0000000001010000007db83f72c64c41c025c0fa8914324dc0, 'EAN'),
(27, 'Instituto Universitario River Plate', 'Av. Pres. Figueroa Alcorta 7597', 'https://goo.gl/maps/5oMPo2DY7wWa8LMQ9', 'Nuñez', 'https://iuriverplate.edu.ar/', 'Privada', 'Capital Federal', 'info@iuriverplate.edu.ar', 0x0000000001010000002ca7f397cc4541c0e507533992394dc0, 'IURP'),
(28, 'Universita Di Bologna', 'Marcelo Torcuato de Alvear 1149', 'https://goo.gl/maps/NxJ8sjXuxy6wVX6h9', 'Monserrat', 'https://ba.unibo.it/es', 'Privada', 'Capital Federal', 'buenosaires.informes@unibo.it', 0x0000000001010000000120ddbefd4b41c09eb30584d6314dc0, 'UNIBO'),
(29, 'Facultad de Agronomía - UBA', 'Av. San Martín 4453', 'https://goo.gl/maps/Fqiqe1fMEWY2zofE8', 'Villa del Parque', 'https://www.agro.uba.ar', 'P?blica', 'Capital Federal', 'informes@agro.uba.ar', 0x000000000101000000a5daa7e3314c41c0c0f0a54b5a3e4dc0, 'FAUBA'),
(30, 'Facultad de Arquitectura, Diseño y Urbanismo - UBA', 'Av. Int. Güiraldes 2160', 'https://goo.gl/maps/gqhqycEXk4eapbbz6', 'Ciudad Universitaria', 'https://www.fadu.uba.ar', 'P?blica', 'Capital Federal', 'informes@fadu.uba.ar', 0x00000000010100000007bfc3a3434541c0842e3c8ace384dc0, 'FADU'),
(31, 'Facultad de Ciencias Económicas - UBA', 'Av. Córdoba 2122', 'https://goo.gl/maps/AsvrNB6xWpwhkAoR6', 'Balvanera', 'https://www.economicas.uba.ar', 'P?blica', 'Capital Federal', 'consultas@fce.uba.ar', 0x000000000101000000395e262fd74c41c0626a4b1de4324dc0, 'FCE'),
(32, 'Facultad de Ciencias Exactas y Naturales - UBA', 'Av. Int. Güiraldes 2160', 'https://goo.gl/maps/pRZ1u6zPSWnapmMF6', 'Ciudad Universitaria', 'https://exactas.uba.ar', 'P?blica', 'Capital Federal', 'comunicacion@de.fcen.uba.ar', 0x00000000010100000097b1fc54704541c0c55e8319ae384dc0, 'FCEN'),
(33, 'Facultad de Ciencias Sociales - UBA', 'Marcelo Torcuato de Alvear 2230', 'https://goo.gl/maps/XPP7XFUdnhS5kFidA', 'Barrio Norte, Recoleta', 'https://www.sociales.uba.ar', 'P?blica', 'Capital Federal', 'estudiantesgrado@sociales.uba.ar', 0x000000000101000000dc93d112754c41c0a3d4b9fd4d334dc0, 'FSOC'),
(34, 'Facultad de Ciencias Veterinarias - UBA', 'Av. Chorroar?n 280', 'https://goo.gl/maps/hdpQ86DN4sDVGYQW9', 'Villa del Parque', 'http://www.fvet.uba.ar', 'P?blica', 'Capital Federal', 'alumnos@fvet.uba.ar', 0x000000000101000000d69ccdf45c4c41c017ed9689c73d4dc0, 'FVET'),
(35, 'Facultad de Derecho - UBA', 'Av. Pte. Figueroa Alcorta 2263', 'https://goo.gl/maps/xMEnYZCVEiQRHmWx7', 'Barrio Norte, Recoleta', 'http://www.derecho.uba.ar', 'P?blica', 'Capital Federal', 'estudiantiles@derecho.uba.ar', 0x000000000101000000fd169d2cb54a41c0e67c0cb155324dc0, 'FDUBA'),
(36, 'Facultad de Farmacia y Bioquímica - UBA', 'Junín 954', 'https://goo.gl/maps/wMAEFzq6UEJpogbF6', 'Barrio Norte, Recoleta', 'http://www.ffyb.uba.ar', 'P?blica', 'Capital Federal', 'alumnos@ffyb.uba.ar', 0x00000000010100000018e6a9b3ff4b41c0e6351bd077344dc0, 'FFyB'),
(37, 'Facultad de Filosofía y Letras - UBA', 'Puan 480', 'https://goo.gl/maps/ysqXPho2sgpbWoxS9', 'Caballito', 'http://www.filo.uba.ar', 'P?blica', 'Capital Federal', 'alumnos@filo.uba.ar', 0x000000000101000000d6f72bae3b5041c0abddc02ed4394dc0, 'FILO'),
(38, 'Facultad de Ingeniería - UBA', 'Av. Paseo Colón 850', 'https://goo.gl/maps/wSYz6Nm5Xsfyqj3J8', 'Puerto Madero', 'https://www.ingenieria.uba.ar', 'P?blica', 'Capital Federal', 'comunicacion@fi.uba.ar', 0x00000000010100000011ecaea2f54e41c0f114cd5e112f4dc0, 'FI'),
(39, 'Facultad de Medicina - UBA', 'Paraguay 2155', 'https://goo.gl/maps/hXiyX5wKqYcLrWA58', 'Barrio Norte, Recoleta', 'https://www.fmed.uba.ar', 'P?blica', 'Capital Federal', 'diralumnos@fmed.uba.ar', 0x000000000101000000fec9294bbe4b41c0376f9c14e6334dc0, 'FMED'),
(40, 'Facultad de Odontología - UBA', 'Marcelo Torcuato de Alvear 2142', 'https://goo.gl/maps/8nMANt3we2q9WHgU9', 'Barrio Norte, Recoleta', 'http://odontologia.uba.ar', 'P?blica', 'Capital Federal', 'info@odontologia.uba.ar', 0x000000000101000000ed05b0123d4c41c0b9a981e673344dc0, 'ODONTO'),
(41, 'Facultad de Psicología - UBA', 'Av. Hipólito Yrigoyen 3242', 'https://goo.gl/maps/chdzXdBppFExPcHL6', 'Balvanera', 'http://www.psi.uba.ar', 'P?blica', 'Capital Federal', 'diralu@psi.uba.ar', 0x000000000101000000d9278062644e41c052369b7dd4344dc0, 'PSI'),
(42, 'Universidad Argentina de La Empresa', 'Lima 757', 'https://goo.gl/maps/e6JXXNNu31oAekkXA', 'Monserrat', 'https://www.uade.edu.ar', 'Privada', 'Capital Federal', 'ingreso@uade.edu.ar', 0x000000000101000000387a466cc14e41c06e522c126e324dc0, 'UADE'),
(43, 'Instituto Universitario de Seguridad Maritima', 'Corrientes 180', 'https://goo.gl/maps/8HAN72GD2rLfL9Yv5', 'Olivos', 'https://iusm.edu.ar', 'Publica', 'Zona Norte', 'informes.iusm@gmail.com', 0x0000000001010000005a59ec40e74041c063867c8626404dc0, 'IUSM'),
(44, 'Universidad Nacional General Sarmiento', 'Juan Maria Gutierrez 1150', 'https://goo.gl/maps/CeNpBqBo4usfGLqY7', 'Los Polvorines', 'https://www.ungs.edu.ar/', 'Publica', 'Zona Norte', 'info@ungs.edu.ar', 0x0000000001010000006cdc5152164241c023545f4ce95a4dc0, 'UNGS'),
(45, 'Universidad Nacional del General San Martín', 'Av. 25 de Mayo 1169', 'https://goo.gl/maps/WB7ETyV3wAbjMpxYA', 'San Martín', 'https://www.unsam.edu.ar/', 'Publica', 'Zona Norte', 'info@unsam.edu.ar', 0x00000000010100000041a264cd234a41c0e8d77b968c434dc0, 'UNSAM'),
(46, 'Universidad Nacional Raul Scalabrini Ortiz', 'Colectora Panamericana 1925', 'https://goo.gl/maps/amhMeuYLbxrj291A7', 'Boulogne', 'https://www.unso.edu.ar/', 'Publica', 'Zona Norte', 'inscripciones.cejup@unsanisidro.edu.ar', 0x0000000001010000001d0e0176244041c09a6b877599464dc0, 'UNSO'),
(47, 'Universidad de San Andres', 'Vito Dumas 284', 'https://goo.gl/maps/x5qbQGiLgpNeK7dg6', 'Victoria', 'https://www.udesa.edu.ar/', 'Privada', 'Zona Norte', 'info@udesa.edu.ar', 0x000000000101000000b90265ae673941c02c0c361a65444dc0, 'UdeSA'),
(48, 'Universidad Pedagogica UNIPE', 'Av. Dr. Honorio Pueyrredon 1837', 'https://goo.gl/maps/QpfA7wqwPqNLM7ZS8', 'Villa Rosa', 'https://unipe.edu.ar/', 'Privada', 'Zona Norte', 'info@unipe.edu.ar', 0x000000000101000000a24a28d8da3b41c03b10a331a4754dc0, 'UNIPE'),
(49, 'Universidad de San Isidro Dr. Placido Marín', 'Av. del Libertador 17175', 'https://goo.gl/maps/6DeXXh8TYwMM98p59', 'Beccar', 'https://usi.edu.ar/', 'Privada', 'Zona Norte', 'institucional@usi.edu.ar', 0x000000000101000000f77c282c4c3b41c0894d1a59e8424dc0, 'USI'),
(50, 'IAE Business School - Universidad Austral', 'Mariano Acosta y Ruta Prov. 8', 'https://goo.gl/maps/eJM8VFiinKM5WcFA6', 'Pilar', 'https://www.iae.edu.ar/', 'Privada', 'Zona Norte', 'info@iae.edu.ar', 0x00000000010100000092859e831d3a41c06478ec67b16e4dc0, 'IAE'),
(51, 'Universidad del Salvador', 'Champagnat 1599', 'https://goo.gl/maps/nLhE14BAGC7T8QcM9', 'Pilar', 'https://pilar.usal.edu.ar/', 'Privada', 'Zona Norte', 'info@usal.edu.ar', 0x00000000010100000093c49272f73741c0a7cf0eb8ae764dc0, 'USAL'),
(52, 'Universidad de Flores ', 'Belgrano 1528', 'https://goo.gl/maps/hxro7bVYP5KQW9ct9', 'San Miguel', 'https://www.uflo.edu.ar/', 'Privada', 'Zona Norte', 'informes@uflo.edu.ar', 0x00000000010100000035c4c25ac64541c07a4a1817585b4dc0, 'UFLO'),
(53, 'Escuela Argentina de Negocios, Martínez', 'Av. Santa Fe 2162', 'https://goo.gl/maps/DDLguRxQXvdtQYqU8', 'Martinez', 'https://front.ean.edu.ar/', 'Privada', 'Zona Norte', 'nformes@ean.edu.ar', 0x000000000101000000bb4d6ecacb3e41c0e3aa0da9fd3f4dc0, 'EAN'),
(54, 'Universidad Austral', 'Mariano Acosta 1611', 'https://goo.gl/maps/ZjzLwbqHJVKX8fBS8', 'Pilar', 'https://www.austral.edu.ar/', 'Privada', 'Zona Norte', 'info@austral.edu.ar', 0x000000000101000000cf215ff8773a41c057b66a323e6e4dc0, 'AUSTRAL'),
(55, 'Universidad Abierta Interamericana (S. ZN)', 'Solis 1', 'https://goo.gl/maps/njCWxENbswV1HWxW7', 'Tigre', 'https://uai.edu.ar/', 'Privada', 'Zona Norte', 'ingreso@uai.edu.ar', 0x0000000001010000009d6ffa69923641c0f9e3ac3e0d494dc0, 'UAI'),
(56, 'Universidad Nacional Arturo Jauretche', 'Av. Calchaqui 6200', 'https://goo.gl/maps/zvPVdTkTqwnn5DFN6', 'Florencio Varela', 'https://www.unaj.edu.ar/', 'Publica', 'Zona Sur', 'infovirtual@unaj.edu.ar', 0x00000000010100000012e8024d3a6341c0c1374d9f1d224dc0, 'UNAJ'),
(57, 'Universidad Nacional de Avellaneda', 'Espa?a 350', 'https://goo.gl/maps/3HJmsUi75WuBVENX7', 'Avellaneda', 'https://undav.edu.ar/index.php', 'Publica', 'Zona Sur', 'prensa@undav.edu.ar', 0x000000000101000000714a8ad9dc5441c05eb23beea52f4dc0, 'UNDAV'),
(58, 'Universidad Nacional de Lomas de Zamora', 'Av. Juan XXIII', 'https://goo.gl/maps/dW479c2eDciiqNiu5', 'Lomas de Zamora', 'https://www.unlz.edu.ar/', 'Publica', 'Zona Sur', 'info@unlz.edu.ar', 0x0000000001010000004746bd96466341c0a52199c40f3a4dc0, 'UNLZ'),
(59, 'Universidad Provincial de Ezeiza', 'Alfonsina Storni 41', 'https://goo.gl/maps/fhSdtF4H3r7gzW8BA', 'Ezeiza', 'https://web.upe.edu.ar/', 'Publica', 'Zona Sur', 'comunicacion@upe.edu.ar', 0x0000000001010000004605f3fc0e6541c082453470f6424dc0, 'UPE'),
(60, 'Universidad Nacional de Quilmes', 'Roque Saenz Peña 352', 'https://goo.gl/maps/k1XprsEaeBf7Z1Pc6', 'Bernal', 'http://www.unq.edu.ar/', 'Publica', 'Zona Sur', 'info@unq.edu.ar', 0x000000000101000000d3872ea86f5a41c0ee1c6f97a2234dc0, 'UNQ'),
(61, 'Universidad Nacional de Lanús', '29 de septiembre 3901', 'https://goo.gl/maps/5fMU58aNz9gDztVN8', 'Remedios de Escalada', 'http://www.unla.edu.ar/', 'Publica', 'Zona Sur', 'info@unla.edu.ar', 0x00000000010100000043d1f2f22a5e41c08a63134f2c324dc0, 'UNLA'),
(62, 'Universidad Notarial Argentina', 'Av. 51 435', 'https://goo.gl/maps/bGzZBDT2GVJ4RXS26', 'La Plata', 'http://www.universidadnotarial.edu.ar/', 'Privada', 'Zona Sur', 'consultas@universidadnotarial.edu.ar', 0x0000000001010000006cd097defe7441c0d8b38c79c2fb4cc0, 'UNA'),
(63, 'Universidad Nacional de La Matanza', 'Florencio Varela 1903', 'https://goo.gl/maps/zLL49LK3QhNDDyVX7', 'San Justo', 'https://www.unlam.edu.ar/', 'Publica', 'Zona Oeste', 'alumnos@unlam.edu.ar', 0x000000000101000000bb7aba5faa5541c0298183ac5d484dc0, 'UNLAM'),
(64, 'Universidad Nacional de Moreno', 'Av. Bartolome Mitre 1891', 'https://goo.gl/maps/cyHZuf7jsRR9neYCA', 'Moreno', 'http://www.unm.edu.ar/', 'Publica', 'Zona Oeste', 'unm@unm.edu.ar', 0x000000000101000000747ee59c335341c0f4cc81d4dc634dc0, 'UNM'),
(65, 'Universidad Nacional de Jose C. Paz', 'Leandro N. Alem 4731', 'https://goo.gl/maps/SLmu1igcEwQvUAdD6', 'Jos? C. Paz', 'https://www.unpaz.edu.ar/', 'Publica', 'Zona Oeste', 'biblioteca@unpaz.edu.ar', 0x00000000010100000070c74043a44241c059b44afac55f4dc0, 'UNPAZ'),
(66, 'Facultad Regional Haedo - UTN', 'Paris 532', 'https://goo.gl/maps/cowQN6QENXEZdTy47', 'Haedo', 'https://www.frh.utn.edu.ar/', 'Publica', 'Zona Oeste', 'info@utnhaedo.edu.ar', 0x0000000001010000002f75eb90f65141c05006a2821e4d4dc0, 'FRH'),
(67, 'Universidad Nacional de Hurlingham', 'Manuel Origone 151', 'https://goo.gl/maps/PJP3sJeYjksYXAXt8', 'Villa Tesei', 'https://unahur.edu.ar/', 'Publica', 'Zona Oeste', 'bienestaryextension@unahur.edu.ar', 0x000000000101000000431cebe2364f41c0c7cc4fbba9514dc0, NULL),
(68, 'Universidad de Morón', 'Gral. Machado 854', 'https://goo.gl/maps/7VoTxLxytr6frrLNA', 'Morón', 'https://www.unimoron.edu.ar/', 'Privada', 'Zona Oeste', 'mesadeentradas@unimoron.edu.ar', 0x00000000010100000049fce5eece5241c0639cbf09854f4dc0, 'UNIMORON');

-- --------------------------------------------------------

--
-- Estructura de tabla para la tabla `usuarios`
--

CREATE TABLE `usuarios` (
  `id_usuario` int(11) NOT NULL,
  `mail_user` varchar(255) NOT NULL,
  `name_user` varchar(255) NOT NULL,
  `password_user` varchar(255) NOT NULL,
  `date_user` varchar(255) NOT NULL,
  `direction_user` varchar(255) NOT NULL,
  `tel_user` int(20) NOT NULL,
  `title` varchar(255) DEFAULT NULL,
  `id_universidad` int(11) DEFAULT NULL
) ENGINE=InnoDB DEFAULT CHARSET=utf8mb4;

--
-- Volcado de datos para la tabla `usuarios`
--

INSERT INTO `usuarios` (`id_usuario`, `mail_user`, `name_user`, `password_user`, `date_user`, `direction_user`, `tel_user`, `title`, `id_universidad`) VALUES
(1, 'rector@gmail.com ', 'admin', 'uninet', '2023-01-01', 'admin', 1, NULL, 63),
(2, 'ingresante@gmail.com ', 'admin', 'uninet', '2023-01-01', 'admin', 1, 'Informatico', NULL);

-- --------------------------------------------------------

--
-- Estructura de tabla para la tabla `verificationcode`
--

CREATE TABLE `verificationcode` (
  `user_code` int(11) NOT NULL,
  `mail_user` varchar(255) NOT NULL
) ENGINE=InnoDB DEFAULT CHARSET=utf8mb4;

--
-- Índices para tablas volcadas
--

--
-- Indices de la tabla `carreras`
--
ALTER TABLE `carreras`
  ADD PRIMARY KEY (`id_carrera`);

--
-- Indices de la tabla `car_uni`
--
ALTER TABLE `car_uni`
  ADD KEY `id_universidad` (`id_universidad`);

--
-- Indices de la tabla `favoritas`
--
ALTER TABLE `favoritas`
  ADD KEY `id_usuario` (`id_usuario`),
  ADD KEY `id_universidad` (`id_universidad`);

--
-- Indices de la tabla `solicitudes`
--
ALTER TABLE `solicitudes`
  ADD KEY `id_usuario` (`id_usuario`),
  ADD KEY `id_universidad` (`id_universidad`);

--
-- Indices de la tabla `tickets`
--
ALTER TABLE `tickets`
  ADD KEY `id_usuario` (`id_usuario`),
  ADD KEY `id_universidad` (`id_universidad`);

--
-- Indices de la tabla `universidades`
--
ALTER TABLE `universidades`
  ADD PRIMARY KEY (`id_universidad`);

--
-- Indices de la tabla `usuarios`
--
ALTER TABLE `usuarios`
  ADD PRIMARY KEY (`id_usuario`),
  ADD KEY `id_universidad` (`id_universidad`);

--
-- AUTO_INCREMENT de las tablas volcadas
--

--
-- AUTO_INCREMENT de la tabla `carreras`
--
ALTER TABLE `carreras`
  MODIFY `id_carrera` int(11) NOT NULL AUTO_INCREMENT, AUTO_INCREMENT=2048;

--
-- AUTO_INCREMENT de la tabla `universidades`
--
ALTER TABLE `universidades`
  MODIFY `id_universidad` int(11) NOT NULL AUTO_INCREMENT, AUTO_INCREMENT=139;

--
-- AUTO_INCREMENT de la tabla `usuarios`
--
ALTER TABLE `usuarios`
  MODIFY `id_usuario` int(11) NOT NULL AUTO_INCREMENT, AUTO_INCREMENT=3;

--
-- Restricciones para tablas volcadas
--

--
-- Filtros para la tabla `car_uni`
--
ALTER TABLE `car_uni`
  ADD CONSTRAINT `car_uni_ibfk_1` FOREIGN KEY (`id_universidad`) REFERENCES `universidades` (`id_universidad`);

--
-- Filtros para la tabla `favoritas`
--
ALTER TABLE `favoritas`
  ADD CONSTRAINT `favoritas_ibfk_1` FOREIGN KEY (`id_usuario`) REFERENCES `usuarios` (`id_usuario`),
  ADD CONSTRAINT `favoritas_ibfk_2` FOREIGN KEY (`id_universidad`) REFERENCES `universidades` (`id_universidad`);

--
-- Filtros para la tabla `solicitudes`
--
ALTER TABLE `solicitudes`
  ADD CONSTRAINT `solicitudes_ibfk_1` FOREIGN KEY (`id_usuario`) REFERENCES `usuarios` (`id_usuario`),
  ADD CONSTRAINT `solicitudes_ibfk_2` FOREIGN KEY (`id_universidad`) REFERENCES `universidades` (`id_universidad`);

--
-- Filtros para la tabla `tickets`
--
ALTER TABLE `tickets`
  ADD CONSTRAINT `tickets_ibfk_1` FOREIGN KEY (`id_usuario`) REFERENCES `usuarios` (`id_usuario`),
  ADD CONSTRAINT `tickets_ibfk_2` FOREIGN KEY (`id_universidad`) REFERENCES `universidades` (`id_universidad`);

--
-- Filtros para la tabla `usuarios`
--
ALTER TABLE `usuarios`
  ADD CONSTRAINT `usuarios_ibfk_1` FOREIGN KEY (`id_universidad`) REFERENCES `universidades` (`id_universidad`);
COMMIT;

/*!40101 SET CHARACTER_SET_CLIENT=@OLD_CHARACTER_SET_CLIENT */;
/*!40101 SET CHARACTER_SET_RESULTS=@OLD_CHARACTER_SET_RESULTS */;
/*!40101 SET COLLATION_CONNECTION=@OLD_COLLATION_CONNECTION */;
